年份,地区,从业人员数(万人)
2019,北京,30.498
2018,北京,31.212
2017,北京,31.105
2016,北京,29.412
2015,北京,29.756
2014,北京,30.25
2013,北京,31.0
2012,北京,31.96
2011,北京,29.23
2010,北京,27.96
2009,北京,28.28
2008,北京,25.98
2007,北京,24.94
2006,北京,24.41
2005,北京,50.73
2004,北京,43.39
2003,北京,41.27
2019,天津,6.331
2018,天津,5.555
2017,天津,4.928
2016,天津,5.067
2015,天津,5.18
2014,天津,5.96
2013,天津,6.57
2012,天津,6.91
2011,天津,6.73
2010,天津,4.83
2009,天津,4.08
2008,天津,3.71
2007,天津,3.56
2006,天津,3.43
2005,天津,3.0
2004,天津,3.33
2003,天津,3.51
2019,石家庄,1.553
2018,石家庄,1.454
2017,石家庄,1.074
2016,石家庄,1.152
2015,石家庄,1.232
2014,石家庄,1.319
2013,石家庄,1.5
2012,石家庄,1.62
2011,石家庄,1.28
2010,石家庄,1.28
2009,石家庄,1.33
2008,石家庄,1.38
2007,石家庄,1.39
2006,石家庄,1.43
2005,石家庄,1.47
2004,石家庄,1.47
2003,石家庄,1.44
2019,唐山,0.503
2018,唐山,0.316
2017,唐山,0.296
2016,唐山,0.431
2015,唐山,0.506
2014,唐山,0.562
2013,唐山,0.77
2012,唐山,0.72
2011,唐山,0.62
2010,唐山,0.62
2009,唐山,0.6
2008,唐山,0.71
2007,唐山,0.61
2006,唐山,0.62
2005,唐山,0.59
2004,唐山,0.51
2003,唐山,0.45
2019,秦皇岛,0.308
2018,秦皇岛,0.323
2017,秦皇岛,0.268
2016,秦皇岛,0.427
2015,秦皇岛,0.459
2014,秦皇岛,0.472
2013,秦皇岛,0.52
2012,秦皇岛,0.58
2011,秦皇岛,0.32
2010,秦皇岛,0.33
2009,秦皇岛,0.29
2008,秦皇岛,0.26
2007,秦皇岛,0.29
2006,秦皇岛,0.3
2005,秦皇岛,0.33
2004,秦皇岛,0.33
2003,秦皇岛,0.26
2019,邯郸,0.391
2018,邯郸,0.348
2017,邯郸,0.338
2016,邯郸,0.526
2015,邯郸,0.561
2014,邯郸,0.62
2013,邯郸,0.68
2012,邯郸,0.6
2011,邯郸,0.44
2010,邯郸,0.36
2009,邯郸,0.36
2008,邯郸,0.4
2007,邯郸,0.44
2006,邯郸,0.47
2005,邯郸,0.47
2004,邯郸,0.5
2003,邯郸,0.34
2019,邢台,0.16
2018,邢台,0.195
2017,邢台,0.199
2016,邢台,0.324
2015,邢台,0.359
2014,邢台,0.443
2013,邢台,0.47
2012,邢台,0.49
2011,邢台,0.31
2010,邢台,0.35
2009,邢台,0.34
2008,邢台,0.34
2007,邢台,0.33
2006,邢台,0.33
2005,邢台,0.34
2004,邢台,0.36
2003,邢台,0.34
2019,保定,0.478
2018,保定,0.383
2017,保定,0.31
2016,保定,0.694
2015,保定,0.707
2014,保定,0.726
2013,保定,0.85
2012,保定,0.83
2011,保定,0.58
2010,保定,0.45
2009,保定,0.44
2008,保定,0.52
2007,保定,0.53
2006,保定,0.51
2005,保定,0.52
2004,保定,0.53
2003,保定,0.5
2019,张家口,0.333
2018,张家口,0.359
2017,张家口,0.248
2016,张家口,0.598
2015,张家口,0.639
2014,张家口,0.681
2013,张家口,0.68
2012,张家口,0.56
2011,张家口,0.47
2010,张家口,0.28
2009,张家口,0.27
2008,张家口,0.28
2007,张家口,0.28
2006,张家口,0.32
2005,张家口,0.3
2004,张家口,0.35
2003,张家口,0.34
2019,承德,0.214
2018,承德,0.206
2017,承德,0.173
2016,承德,0.285
2015,承德,0.609
2014,承德,0.371
2013,承德,0.37
2012,承德,0.19
2011,承德,0.15
2010,承德,0.16
2009,承德,0.19
2008,承德,0.2
2007,承德,0.23
2006,承德,0.27
2005,承德,0.27
2004,承德,0.28
2003,承德,0.35
2019,沧州,0.189
2018,沧州,0.202
2017,沧州,0.209
2016,沧州,0.359
2015,沧州,0.373
2014,沧州,0.385
2013,沧州,0.41
2012,沧州,0.44
2011,沧州,0.47
2010,沧州,0.28
2009,沧州,0.29
2008,沧州,0.33
2007,沧州,0.34
2006,沧州,0.36
2005,沧州,0.37
2004,沧州,0.34
2003,沧州,0.32
2019,廊坊,0.184
2018,廊坊,0.18
2017,廊坊,10.643
2016,廊坊,0.401
2015,廊坊,0.407
2014,廊坊,0.424
2013,廊坊,0.51
2012,廊坊,0.58
2011,廊坊,0.43
2010,廊坊,0.26
2009,廊坊,0.25
2008,廊坊,0.23
2007,廊坊,0.28
2006,廊坊,0.25
2005,廊坊,0.22
2004,廊坊,0.18
2003,廊坊,0.22
2019,衡水,0.178
2018,衡水,0.139
2017,衡水,0.162
2016,衡水,0.225
2015,衡水,0.241
2014,衡水,0.263
2013,衡水,0.25
2012,衡水,0.17
2011,衡水,0.2
2010,衡水,0.16
2009,衡水,0.17
2008,衡水,0.15
2007,衡水,0.16
2006,衡水,0.14
2005,衡水,0.15
2004,衡水,0.15
2003,衡水,0.2
2019,太原,1.708
2018,太原,1.585
2017,太原,1.62
2016,太原,1.648
2015,太原,1.727
2014,太原,2.135
2013,太原,2.33
2012,太原,2.9
2011,太原,2.23
2010,太原,1.91
2009,太原,1.86
2008,太原,1.91
2007,太原,1.7
2006,太原,1.46
2005,太原,1.49
2004,太原,1.56
2003,太原,1.65
2019,大同,0.358
2018,大同,0.396
2017,大同,0.415
2016,大同,0.561
2015,大同,0.565
2014,大同,0.663
2013,大同,0.61
2012,大同,0.29
2011,大同,0.31
2010,大同,0.29
2009,大同,0.3
2008,大同,0.43
2007,大同,0.36
2006,大同,0.38
2005,大同,0.29
2004,大同,0.19
2003,大同,0.2
2019,阳泉,0.154
2018,阳泉,0.129
2017,阳泉,0.148
2016,阳泉,0.151
2015,阳泉,0.178
2014,阳泉,0.242
2013,阳泉,0.21
2012,阳泉,0.15
2011,阳泉,0.12
2010,阳泉,0.11
2009,阳泉,0.12
2008,阳泉,0.11
2007,阳泉,0.13
2006,阳泉,0.13
2005,阳泉,0.12
2004,阳泉,0.14
2003,阳泉,0.16
2019,长治,0.17
2018,长治,0.236
2017,长治,0.22
2016,长治,0.21
2015,长治,0.245
2014,长治,0.266
2013,长治,0.31
2012,长治,0.26
2011,长治,0.25
2010,长治,0.2
2009,长治,0.2
2008,长治,0.22
2007,长治,0.24
2006,长治,0.2
2005,长治,0.21
2004,长治,0.2
2003,长治,0.23
2019,晋城,0.28
2018,晋城,0.217
2017,晋城,0.222
2016,晋城,0.218
2015,晋城,0.254
2014,晋城,0.264
2013,晋城,0.4
2012,晋城,0.19
2011,晋城,0.19
2010,晋城,0.21
2009,晋城,0.23
2008,晋城,0.24
2007,晋城,0.24
2006,晋城,0.26
2005,晋城,0.26
2004,晋城,0.25
2003,晋城,0.25
2019,朔州,0.025
2018,朔州,0.032
2017,朔州,0.078
2016,朔州,0.112
2015,朔州,0.118
2014,朔州,0.124
2013,朔州,0.16
2012,朔州,0.13
2011,朔州,0.34
2010,朔州,0.17
2009,朔州,0.17
2008,朔州,0.05
2007,朔州,0.05
2006,朔州,0.05
2005,朔州,0.05
2004,朔州,0.05
2003,朔州,0.08
2019,晋中,0.14
2018,晋中,0.134
2017,晋中,0.169
2016,晋中,0.147
2015,晋中,0.17
2014,晋中,0.226
2013,晋中,0.31
2012,晋中,0.25
2011,晋中,0.3
2010,晋中,0.42
2009,晋中,
2008,晋中,0.3
2007,晋中,0.34
2006,晋中,0.23
2005,晋中,0.21
2004,晋中,0.19
2003,晋中,0.19
2019,运城,0.132
2018,运城,0.133
2017,运城,0.136
2016,运城,0.149
2015,运城,0.193
2014,运城,0.247
2013,运城,0.89
2012,运城,0.22
2011,运城,0.2
2010,运城,0.16
2009,运城,0.18
2008,运城,0.17
2007,运城,0.22
2006,运城,0.26
2005,运城,0.3
2004,运城,0.25
2003,运城,0.24
2019,忻州,0.27
2018,忻州,0.315
2017,忻州,0.306
2016,忻州,0.338
2015,忻州,0.37
2014,忻州,0.409
2013,忻州,0.46
2012,忻州,0.47
2011,忻州,0.45
2010,忻州,0.29
2009,忻州,0.28
2008,忻州,0.29
2007,忻州,0.3
2006,忻州,0.3
2005,忻州,0.32
2004,忻州,0.33
2003,忻州,0.3
2019,临汾,0.11
2018,临汾,0.102
2017,临汾,0.108
2016,临汾,0.102
2015,临汾,0.116
2014,临汾,0.14
2013,临汾,0.15
2012,临汾,0.24
2011,临汾,0.25
2010,临汾,0.25
2009,临汾,0.26
2008,临汾,0.25
2007,临汾,0.28
2006,临汾,0.23
2005,临汾,0.25
2004,临汾,0.21
2003,临汾,0.19
2019,吕梁,0.202
2018,吕梁,0.206
2017,吕梁,0.262
2016,吕梁,0.299
2015,吕梁,0.278
2014,吕梁,0.328
2013,吕梁,0.41
2012,吕梁,0.19
2011,吕梁,0.24
2010,吕梁,0.2
2009,吕梁,0.18
2008,吕梁,0.12
2007,吕梁,0.12
2006,吕梁,0.14
2005,吕梁,0.14
2004,吕梁,0.17
2003,吕梁,0.16
2019,呼和浩特,0.751
2018,呼和浩特,0.895
2017,呼和浩特,0.84
2016,呼和浩特,0.921
2015,呼和浩特,1.01
2014,呼和浩特,1.17
2013,呼和浩特,1.28
2012,呼和浩特,0.74
2011,呼和浩特,0.73
2010,呼和浩特,0.7
2009,呼和浩特,0.86
2008,呼和浩特,1.09
2007,呼和浩特,0.79
2006,呼和浩特,0.87
2005,呼和浩特,0.87
2004,呼和浩特,0.92
2003,呼和浩特,0.92
2019,包头,0.631
2018,包头,0.625
2017,包头,0.726
2016,包头,0.72
2015,包头,0.752
2014,包头,0.739
2013,包头,0.8
2012,包头,0.87
2011,包头,0.83
2010,包头,0.69
2009,包头,0.67
2008,包头,0.65
2007,包头,0.67
2006,包头,0.51
2005,包头,0.38
2004,包头,0.38
2003,包头,0.36
2019,乌海,0.028
2018,乌海,0.028
2017,乌海,0.028
2016,乌海,0.025
2015,乌海,0.029
2014,乌海,0.037
2013,乌海,0.05
2012,乌海,0.03
2011,乌海,0.03
2010,乌海,0.02
2009,乌海,0.06
2008,乌海,0.1
2007,乌海,0.09
2006,乌海,0.07
2005,乌海,0.07
2004,乌海,0.06
2003,乌海,0.07
2019,赤峰,0.253
2018,赤峰,0.247
2017,赤峰,0.28
2016,赤峰,0.301
2015,赤峰,0.339
2014,赤峰,0.362
2013,赤峰,0.42
2012,赤峰,0.24
2011,赤峰,0.22
2010,赤峰,0.19
2009,赤峰,0.19
2008,赤峰,0.19
2007,赤峰,0.2
2006,赤峰,0.21
2005,赤峰,0.23
2004,赤峰,0.26
2003,赤峰,0.24
2019,通辽,0.129
2018,通辽,0.131
2017,通辽,0.212
2016,通辽,0.196
2015,通辽,0.252
2014,通辽,0.236
2013,通辽,0.25
2012,通辽,0.11
2011,通辽,0.13
2010,通辽,0.16
2009,通辽,0.16
2008,通辽,0.19
2007,通辽,0.14
2006,通辽,0.15
2005,通辽,0.12
2004,通辽,0.16
2003,通辽,0.16
2019,鄂尔多斯,0.305
2018,鄂尔多斯,0.216
2017,鄂尔多斯,0.393
2016,鄂尔多斯,0.462
2015,鄂尔多斯,8.075
2014,鄂尔多斯,0.329
2013,鄂尔多斯,0.41
2012,鄂尔多斯,0.06
2011,鄂尔多斯,0.04
2010,鄂尔多斯,0.05
2009,鄂尔多斯,0.06
2008,鄂尔多斯,0.06
2007,鄂尔多斯,0.05
2006,鄂尔多斯,0.05
2005,鄂尔多斯,0.06
2004,鄂尔多斯,0.04
2003,鄂尔多斯,0.04
2019,呼伦贝尔,0.288
2018,呼伦贝尔,0.289
2017,呼伦贝尔,0.358
2016,呼伦贝尔,0.502
2015,呼伦贝尔,0.433
2014,呼伦贝尔,0.5
2013,呼伦贝尔,0.45
2012,呼伦贝尔,0.28
2011,呼伦贝尔,0.22
2010,呼伦贝尔,0.26
2009,呼伦贝尔,0.3
2008,呼伦贝尔,0.3
2007,呼伦贝尔,0.33
2006,呼伦贝尔,0.31
2005,呼伦贝尔,0.33
2004,呼伦贝尔,0.35
2003,呼伦贝尔,
2019,巴彦淖尔,0.082
2018,巴彦淖尔,0.08
2017,巴彦淖尔,0.063
2016,巴彦淖尔,0.07
2015,巴彦淖尔,0.067
2014,巴彦淖尔,0.07
2013,巴彦淖尔,0.06
2012,巴彦淖尔,0.08
2011,巴彦淖尔,0.09
2010,巴彦淖尔,0.08
2009,巴彦淖尔,0.09
2008,巴彦淖尔,0.07
2007,巴彦淖尔,0.05
2006,巴彦淖尔,0.06
2005,巴彦淖尔,0.07
2004,巴彦淖尔,0.09
2003,巴彦淖尔,0.09
2019,乌兰察布,0.119
2018,乌兰察布,0.123
2017,乌兰察布,0.231
2016,乌兰察布,0.257
2015,乌兰察布,0.265
2014,乌兰察布,0.304
2013,乌兰察布,0.3
2012,乌兰察布,0.1
2011,乌兰察布,0.12
2010,乌兰察布,0.12
2009,乌兰察布,0.07
2008,乌兰察布,0.16
2007,乌兰察布,0.16
2006,乌兰察布,0.16
2005,乌兰察布,0.13
2004,乌兰察布,0.08
2003,乌兰察布,0.09
2019,沈阳,2.439
2018,沈阳,2.636
2017,沈阳,2.565
2016,沈阳,2.568
2015,沈阳,2.79
2014,沈阳,3.043
2013,沈阳,3.07
2012,沈阳,2.21
2011,沈阳,2.4
2010,沈阳,2.06
2009,沈阳,1.86
2008,沈阳,1.75
2007,沈阳,2.08
2006,沈阳,1.66
2005,沈阳,1.64
2004,沈阳,1.71
2003,沈阳,1.6
2019,大连,1.682
2018,大连,1.468
2017,大连,1.65
2016,大连,1.725
2015,大连,1.853
2014,大连,2.045
2013,大连,2.42
2012,大连,2.81
2011,大连,2.63
2010,大连,2.33
2009,大连,2.44
2008,大连,2.9
2007,大连,2.57
2006,大连,2.4
2005,大连,2.51
2004,大连,2.59
2003,大连,2.54
2019,鞍山,0.156
2018,鞍山,0.182
2017,鞍山,0.28
2016,鞍山,0.343
2015,鞍山,0.43
2014,鞍山,0.431
2013,鞍山,0.46
2012,鞍山,0.54
2011,鞍山,0.43
2010,鞍山,0.35
2009,鞍山,0.33
2008,鞍山,0.19
2007,鞍山,0.2
2006,鞍山,0.21
2005,鞍山,0.2
2004,鞍山,0.27
2003,鞍山,0.3
2019,抚顺,0.059
2018,抚顺,0.065
2017,抚顺,0.082
2016,抚顺,0.096
2015,抚顺,0.136
2014,抚顺,0.186
2013,抚顺,0.2
2012,抚顺,0.12
2011,抚顺,0.11
2010,抚顺,0.13
2009,抚顺,0.12
2008,抚顺,0.14
2007,抚顺,0.14
2006,抚顺,0.13
2005,抚顺,0.14
2004,抚顺,0.17
2003,抚顺,0.19
2019,本溪,0.101
2018,本溪,0.127
2017,本溪,0.138
2016,本溪,0.145
2015,本溪,0.141
2014,本溪,0.146
2013,本溪,0.16
2012,本溪,0.14
2011,本溪,0.14
2010,本溪,0.06
2009,本溪,0.07
2008,本溪,0.1
2007,本溪,0.09
2006,本溪,0.1
2005,本溪,0.1
2004,本溪,0.11
2003,本溪,0.13
2019,丹东,0.181
2018,丹东,0.216
2017,丹东,0.194
2016,丹东,0.229
2015,丹东,0.261
2014,丹东,0.262
2013,丹东,0.29
2012,丹东,0.23
2011,丹东,0.34
2010,丹东,0.32
2009,丹东,0.67
2008,丹东,0.28
2007,丹东,0.24
2006,丹东,0.21
2005,丹东,0.14
2004,丹东,0.17
2003,丹东,0.16
2019,锦州,0.073
2018,锦州,0.073
2017,锦州,0.086
2016,锦州,0.139
2015,锦州,0.15
2014,锦州,0.116
2013,锦州,0.16
2012,锦州,0.17
2011,锦州,0.14
2010,锦州,0.12
2009,锦州,0.15
2008,锦州,0.16
2007,锦州,0.17
2006,锦州,0.17
2005,锦州,0.18
2004,锦州,0.21
2003,锦州,0.17
2019,营口,0.173
2018,营口,0.3
2017,营口,0.33
2016,营口,0.362
2015,营口,0.23
2014,营口,0.254
2013,营口,0.35
2012,营口,0.33
2011,营口,0.36
2010,营口,0.24
2009,营口,0.18
2008,营口,0.2
2007,营口,0.2
2006,营口,0.2
2005,营口,0.15
2004,营口,0.18
2003,营口,0.16
2019,阜新,0.045
2018,阜新,0.08
2017,阜新,0.046
2016,阜新,0.061
2015,阜新,0.066
2014,阜新,0.095
2013,阜新,0.1
2012,阜新,0.08
2011,阜新,0.08
2010,阜新,0.08
2009,阜新,0.08
2008,阜新,0.08
2007,阜新,0.09
2006,阜新,0.11
2005,阜新,0.1
2004,阜新,0.1
2003,阜新,0.09
2019,辽阳,0.033
2018,辽阳,0.029
2017,辽阳,0.029
2016,辽阳,0.033
2015,辽阳,0.074
2014,辽阳,0.123
2013,辽阳,0.15
2012,辽阳,0.11
2011,辽阳,0.14
2010,辽阳,0.13
2009,辽阳,0.15
2008,辽阳,0.14
2007,辽阳,0.17
2006,辽阳,0.16
2005,辽阳,0.16
2004,辽阳,0.15
2003,辽阳,0.1
2019,盘锦,0.15
2018,盘锦,0.158
2017,盘锦,0.196
2016,盘锦,0.222
2015,盘锦,0.252
2014,盘锦,0.283
2013,盘锦,0.27
2012,盘锦,0.24
2011,盘锦,0.25
2010,盘锦,0.27
2009,盘锦,0.33
2008,盘锦,0.21
2007,盘锦,0.26
2006,盘锦,0.26
2005,盘锦,0.3
2004,盘锦,0.32
2003,盘锦,0.26
2019,铁岭,0.048
2018,铁岭,0.044
2017,铁岭,0.027
2016,铁岭,0.034
2015,铁岭,0.041
2014,铁岭,0.026
2013,铁岭,0.06
2012,铁岭,0.03
2011,铁岭,0.05
2010,铁岭,0.04
2009,铁岭,0.05
2008,铁岭,0.04
2007,铁岭,0.06
2006,铁岭,0.07
2005,铁岭,0.07
2004,铁岭,0.08
2003,铁岭,0.1
2019,朝阳,0.074
2018,朝阳,0.061
2017,朝阳,0.049
2016,朝阳,0.067
2015,朝阳,0.104
2014,朝阳,0.121
2013,朝阳,0.13
2012,朝阳,0.09
2011,朝阳,0.11
2010,朝阳,0.07
2009,朝阳,0.07
2008,朝阳,0.08
2007,朝阳,0.08
2006,朝阳,0.11
2005,朝阳,0.11
2004,朝阳,0.13
2003,朝阳,0.12
2019,葫芦岛,0.069
2018,葫芦岛,0.074
2017,葫芦岛,0.083
2016,葫芦岛,0.134
2015,葫芦岛,0.176
2014,葫芦岛,0.186
2013,葫芦岛,0.23
2012,葫芦岛,0.13
2011,葫芦岛,0.13
2010,葫芦岛,0.17
2009,葫芦岛,0.18
2008,葫芦岛,0.22
2007,葫芦岛,0.14
2006,葫芦岛,0.14
2005,葫芦岛,0.08
2004,葫芦岛,0.09
2003,葫芦岛,0.08
2019,长春,1.382
2018,长春,1.373
2017,长春,1.656
2016,长春,1.667
2015,长春,1.756
2014,长春,1.82
2013,长春,1.98
2012,长春,1.76
2011,长春,2.0
2010,长春,1.88
2009,长春,1.9
2008,长春,1.75
2007,长春,1.68
2006,长春,1.66
2005,长春,3.1
2004,长春,1.7
2003,长春,1.47
2019,吉林,0.231
2018,吉林,0.238
2017,吉林,0.228
2016,吉林,0.216
2015,吉林,0.221
2014,吉林,0.16
2013,吉林,0.17
2012,吉林,0.24
2011,吉林,0.24
2010,吉林,0.17
2009,吉林,0.2
2008,吉林,0.2
2007,吉林,0.24
2006,吉林,0.17
2005,吉林,0.19
2004,吉林,0.25
2003,吉林,0.23
2019,四平,0.108
2018,四平,0.072
2017,四平,0.104
2016,四平,0.089
2015,四平,0.085
2014,四平,0.08
2013,四平,0.53
2012,四平,0.06
2011,四平,0.05
2010,四平,0.06
2009,四平,0.06
2008,四平,0.06
2007,四平,0.06
2006,四平,0.08
2005,四平,0.1
2004,四平,0.12
2003,四平,0.11
2019,辽源,0.025
2018,辽源,0.02
2017,辽源,0.025
2016,辽源,0.024
2015,辽源,0.034
2014,辽源,0.034
2013,辽源,0.04
2012,辽源,0.02
2011,辽源,0.02
2010,辽源,0.02
2009,辽源,0.02
2008,辽源,0.02
2007,辽源,0.02
2006,辽源,0.03
2005,辽源,0.03
2004,辽源,0.04
2003,辽源,0.07
2019,通化,0.121
2018,通化,0.108
2017,通化,0.112
2016,通化,0.109
2015,通化,0.123
2014,通化,0.13
2013,通化,0.16
2012,通化,0.13
2011,通化,0.11
2010,通化,0.09
2009,通化,0.1
2008,通化,0.11
2007,通化,0.11
2006,通化,0.12
2005,通化,0.13
2004,通化,0.09
2003,通化,0.14
2019,白山,0.066
2018,白山,0.06
2017,白山,0.083
2016,白山,0.083
2015,白山,0.062
2014,白山,0.066
2013,白山,0.09
2012,白山,0.04
2011,白山,0.02
2010,白山,0.04
2009,白山,0.04
2008,白山,0.06
2007,白山,0.1
2006,白山,0.07
2005,白山,0.09
2004,白山,0.09
2003,白山,0.07
2019,松原,0.105
2018,松原,0.162
2017,松原,0.212
2016,松原,0.194
2015,松原,0.216
2014,松原,0.221
2013,松原,0.23
2012,松原,0.23
2011,松原,0.24
2010,松原,0.15
2009,松原,0.16
2008,松原,0.15
2007,松原,0.15
2006,松原,0.15
2005,松原,0.14
2004,松原,0.16
2003,松原,0.09
2019,白城,0.102
2018,白城,0.09
2017,白城,0.101
2016,白城,0.116
2015,白城,0.124
2014,白城,0.146
2013,白城,0.12
2012,白城,0.17
2011,白城,0.11
2010,白城,0.17
2009,白城,0.07
2008,白城,0.07
2007,白城,0.06
2006,白城,0.06
2005,白城,0.05
2004,白城,0.06
2003,白城,0.07
2019,哈尔滨,0.782
2018,哈尔滨,2.341
2017,哈尔滨,2.626
2016,哈尔滨,2.809
2015,哈尔滨,2.824
2014,哈尔滨,3.116
2013,哈尔滨,3.07
2012,哈尔滨,3.1
2011,哈尔滨,2.42
2010,哈尔滨,2.45
2009,哈尔滨,2.1
2008,哈尔滨,2.01
2007,哈尔滨,1.91
2006,哈尔滨,2.1
2005,哈尔滨,2.06
2004,哈尔滨,2.37
2003,哈尔滨,3.8
2019,齐齐哈尔,0.055
2018,齐齐哈尔,0.045
2017,齐齐哈尔,0.047
2016,齐齐哈尔,0.048
2015,齐齐哈尔,0.055
2014,齐齐哈尔,0.056
2013,齐齐哈尔,0.08
2012,齐齐哈尔,0.09
2011,齐齐哈尔,0.15
2010,齐齐哈尔,0.05
2009,齐齐哈尔,0.06
2008,齐齐哈尔,0.12
2007,齐齐哈尔,0.15
2006,齐齐哈尔,0.14
2005,齐齐哈尔,0.19
2004,齐齐哈尔,0.26
2003,齐齐哈尔,0.23
2019,鸡西,0.034
2018,鸡西,0.038
2017,鸡西,0.248
2016,鸡西,0.164
2015,鸡西,0.135
2014,鸡西,0.123
2013,鸡西,0.05
2012,鸡西,0.26
2011,鸡西,0.2
2010,鸡西,0.25
2009,鸡西,0.24
2008,鸡西,0.2
2007,鸡西,0.22
2006,鸡西,0.23
2005,鸡西,0.25
2004,鸡西,0.28
2003,鸡西,0.22
2019,鹤岗,0.049
2018,鹤岗,0.062
2017,鹤岗,0.287
2016,鹤岗,0.289
2015,鹤岗,0.254
2014,鹤岗,0.29
2013,鹤岗,0.15
2012,鹤岗,0.38
2011,鹤岗,0.37
2010,鹤岗,0.33
2009,鹤岗,0.35
2008,鹤岗,0.34
2007,鹤岗,0.34
2006,鹤岗,0.36
2005,鹤岗,0.29
2004,鹤岗,0.33
2003,鹤岗,0.3
2019,双鸭山,0.024
2018,双鸭山,0.041
2017,双鸭山,0.02
2016,双鸭山,0.06
2015,双鸭山,0.035
2014,双鸭山,0.383
2013,双鸭山,0.05
2012,双鸭山,0.03
2011,双鸭山,0.03
2010,双鸭山,0.38
2009,双鸭山,0.36
2008,双鸭山,0.33
2007,双鸭山,0.31
2006,双鸭山,0.33
2005,双鸭山,0.03
2004,双鸭山,0.33
2003,双鸭山,0.28
2019,大庆,0.07
2018,大庆,0.127
2017,大庆,0.198
2016,大庆,0.264
2015,大庆,0.23
2014,大庆,0.272
2013,大庆,0.29
2012,大庆,0.32
2011,大庆,0.41
2010,大庆,0.21
2009,大庆,0.21
2008,大庆,0.22
2007,大庆,0.36
2006,大庆,0.4
2005,大庆,0.38
2004,大庆,0.33
2003,大庆,0.12
2019,伊春,0.074
2018,伊春,0.066
2017,伊春,0.05
2016,伊春,0.054
2015,伊春,0.055
2014,伊春,0.06
2013,伊春,0.08
2012,伊春,0.07
2011,伊春,0.07
2010,伊春,0.04
2009,伊春,0.04
2008,伊春,0.07
2007,伊春,0.09
2006,伊春,0.11
2005,伊春,0.1
2004,伊春,0.1
2003,伊春,0.1
2019,佳木斯,0.046
2018,佳木斯,0.098
2017,佳木斯,0.064
2016,佳木斯,0.09
2015,佳木斯,0.1
2014,佳木斯,0.098
2013,佳木斯,0.13
2012,佳木斯,0.11
2011,佳木斯,0.41
2010,佳木斯,0.33
2009,佳木斯,0.35
2008,佳木斯,0.29
2007,佳木斯,0.35
2006,佳木斯,0.32
2005,佳木斯,0.33
2004,佳木斯,0.33
2003,佳木斯,0.32
2019,七台河,0.02
2018,七台河,0.01
2017,七台河,0.01
2016,七台河,0.01
2015,七台河,0.01
2014,七台河,0.009
2013,七台河,0.01
2012,七台河,0.13
2011,七台河,0.01
2010,七台河,0.01
2009,七台河,0.01
2008,七台河,0.02
2007,七台河,0.06
2006,七台河,0.07
2005,七台河,0.07
2004,七台河,0.08
2003,七台河,0.09
2019,牡丹江,0.07
2018,牡丹江,0.076
2017,牡丹江,0.114
2016,牡丹江,0.176
2015,牡丹江,0.218
2014,牡丹江,0.23
2013,牡丹江,0.24
2012,牡丹江,0.16
2011,牡丹江,0.15
2010,牡丹江,0.2
2009,牡丹江,0.15
2008,牡丹江,0.1
2007,牡丹江,0.3
2006,牡丹江,0.29
2005,牡丹江,0.28
2004,牡丹江,0.23
2003,牡丹江,0.26
2019,黑河,0.075
2018,黑河,0.081
2017,黑河,0.086
2016,黑河,0.071
2015,黑河,0.485
2014,黑河,0.474
2013,黑河,0.52
2012,黑河,0.63
2011,黑河,0.5
2010,黑河,0.44
2009,黑河,0.4
2008,黑河,0.41
2007,黑河,0.41
2006,黑河,0.44
2005,黑河,0.41
2004,黑河,3.03
2003,黑河,2.85
2019,绥化,0.053
2018,绥化,0.059
2017,绥化,0.058
2016,绥化,0.058
2015,绥化,0.06
2014,绥化,0.089
2013,绥化,0.1
2012,绥化,0.13
2011,绥化,0.12
2010,绥化,0.09
2009,绥化,0.13
2008,绥化,0.1
2007,绥化,0.1
2006,绥化,0.1
2005,绥化,0.11
2004,绥化,0.1
2003,绥化,0.1
2019,上海,29.908
2018,上海,30.481
2017,上海,25.549
2016,上海,24.298
2015,上海,24.259
2014,上海,24.42
2013,上海,21.64
2012,上海,20.13
2011,上海,16.71
2010,上海,11.67
2009,上海,10.82
2008,上海,9.85
2007,上海,8.24
2006,上海,7.68
2005,上海,10.28
2004,上海,8.53
2003,上海,8.52
2019,南京,5.852
2018,南京,5.415
2017,南京,4.51
2016,南京,4.71
2015,南京,4.699
2014,南京,7.22
2013,南京,6.45
2012,南京,4.27
2011,南京,4.21
2010,南京,3.9
2009,南京,3.85
2008,南京,3.03
2007,南京,2.53
2006,南京,2.39
2005,南京,2.47
2004,南京,2.47
2003,南京,2.43
2019,无锡,2.737
2018,无锡,2.45
2017,无锡,2.189
2016,无锡,2.19
2015,无锡,2.272
2014,无锡,2.21
2013,无锡,2.4
2012,无锡,2.41
2011,无锡,2.42
2010,无锡,1.64
2009,无锡,1.57
2008,无锡,1.51
2007,无锡,1.28
2006,无锡,1.18
2005,无锡,1.15
2004,无锡,0.98
2003,无锡,0.98
2019,徐州,0.533
2018,徐州,0.481
2017,徐州,0.437
2016,徐州,0.48
2015,徐州,0.522
2014,徐州,0.54
2013,徐州,0.58
2012,徐州,0.26
2011,徐州,0.28
2010,徐州,0.3
2009,徐州,0.33
2008,徐州,0.57
2007,徐州,0.55
2006,徐州,0.5
2005,徐州,0.54
2004,徐州,0.52
2003,徐州,0.31
2019,常州,1.672
2018,常州,1.599
2017,常州,1.604
2016,常州,1.63
2015,常州,1.67
2014,常州,1.73
2013,常州,1.73
2012,常州,0.81
2011,常州,0.62
2010,常州,0.59
2009,常州,0.61
2008,常州,0.64
2007,常州,0.68
2006,常州,0.65
2005,常州,0.66
2004,常州,0.71
2003,常州,0.61
2019,苏州,4.415
2018,苏州,4.262
2017,苏州,3.833
2016,苏州,3.79
2015,苏州,3.842
2014,苏州,3.82
2013,苏州,3.99
2012,苏州,1.73
2011,苏州,1.73
2010,苏州,1.77
2009,苏州,1.7
2008,苏州,1.72
2007,苏州,1.65
2006,苏州,1.65
2005,苏州,1.5
2004,苏州,1.39
2003,苏州,0.92
2019,南通,0.571
2018,南通,0.544
2017,南通,0.568
2016,南通,0.55
2015,南通,0.563
2014,南通,0.52
2013,南通,0.58
2012,南通,0.37
2011,南通,0.35
2010,南通,0.35
2009,南通,0.35
2008,南通,0.34
2007,南通,0.38
2006,南通,0.36
2005,南通,0.3
2004,南通,0.29
2003,南通,0.38
2019,连云港,0.351
2018,连云港,0.289
2017,连云港,0.257
2016,连云港,0.25
2015,连云港,0.251
2014,连云港,0.25
2013,连云港,0.53
2012,连云港,0.2
2011,连云港,0.23
2010,连云港,0.23
2009,连云港,0.24
2008,连云港,0.27
2007,连云港,0.31
2006,连云港,0.31
2005,连云港,0.3
2004,连云港,0.24
2003,连云港,0.23
2019,淮安,0.425
2018,淮安,0.442
2017,淮安,0.477
2016,淮安,0.5
2015,淮安,0.574
2014,淮安,0.54
2013,淮安,0.51
2012,淮安,0.28
2011,淮安,0.19
2010,淮安,0.19
2009,淮安,0.19
2008,淮安,0.22
2007,淮安,0.17
2006,淮安,0.16
2005,淮安,0.21
2004,淮安,0.23
2003,淮安,0.36
2019,盐城,0.658
2018,盐城,0.605
2017,盐城,0.67
2016,盐城,0.84
2015,盐城,0.86
2014,盐城,0.8
2013,盐城,0.79
2012,盐城,0.45
2011,盐城,0.47
2010,盐城,0.41
2009,盐城,0.36
2008,盐城,0.35
2007,盐城,0.38
2006,盐城,0.35
2005,盐城,0.36
2004,盐城,0.36
2003,盐城,0.41
2019,扬州,0.921
2018,扬州,0.838
2017,扬州,0.88
2016,扬州,0.88
2015,扬州,0.923
2014,扬州,0.89
2013,扬州,0.84
2012,扬州,0.39
2011,扬州,0.42
2010,扬州,0.44
2009,扬州,0.48
2008,扬州,0.44
2007,扬州,0.42
2006,扬州,0.41
2005,扬州,0.4
2004,扬州,0.35
2003,扬州,0.44
2019,镇江,0.401
2018,镇江,0.424
2017,镇江,0.468
2016,镇江,0.49
2015,镇江,0.532
2014,镇江,0.57
2013,镇江,0.65
2012,镇江,0.42
2011,镇江,0.41
2010,镇江,0.42
2009,镇江,0.43
2008,镇江,0.45
2007,镇江,0.43
2006,镇江,0.41
2005,镇江,0.4
2004,镇江,0.48
2003,镇江,0.44
2019,泰州,0.389
2018,泰州,0.466
2017,泰州,0.462
2016,泰州,0.38
2015,泰州,0.416
2014,泰州,0.44
2013,泰州,2.17
2012,泰州,0.33
2011,泰州,0.38
2010,泰州,0.36
2009,泰州,0.36
2008,泰州,0.26
2007,泰州,0.3
2006,泰州,0.34
2005,泰州,0.27
2004,泰州,0.32
2003,泰州,0.33
2019,宿迁,0.247
2018,宿迁,0.217
2017,宿迁,0.203
2016,宿迁,0.21
2015,宿迁,0.22
2014,宿迁,0.23
2013,宿迁,0.24
2012,宿迁,0.03
2011,宿迁,0.03
2010,宿迁,0.03
2009,宿迁,0.04
2008,宿迁,0.05
2007,宿迁,0.06
2006,宿迁,0.06
2005,宿迁,0.07
2004,宿迁,0.07
2003,宿迁,0.06
2019,杭州,7.808
2018,杭州,7.436
2017,杭州,6.814
2016,杭州,6.67
2015,杭州,6.375
2014,杭州,6.809
2013,杭州,7.16
2012,杭州,8.45
2011,杭州,10.03
2010,杭州,8.1
2009,杭州,7.21
2008,杭州,6.57
2007,杭州,4.12
2006,杭州,3.88
2005,杭州,3.41
2004,杭州,3.48
2003,杭州,3.31
2019,宁波,1.732
2018,宁波,1.564
2017,宁波,1.531
2016,宁波,1.376
2015,宁波,1.565
2014,宁波,1.71
2013,宁波,1.82
2012,宁波,1.93
2011,宁波,2.0
2010,宁波,1.79
2009,宁波,1.9
2008,宁波,1.98
2007,宁波,1.94
2006,宁波,1.7
2005,宁波,1.43
2004,宁波,1.44
2003,宁波,1.5
2019,温州,0.935
2018,温州,0.814
2017,温州,1.16
2016,温州,1.158
2015,温州,1.1
2014,温州,1.038
2013,温州,1.1
2012,温州,1.41
2011,温州,1.58
2010,温州,1.26
2009,温州,1.2
2008,温州,1.4
2007,温州,1.35
2006,温州,1.25
2005,温州,1.2
2004,温州,0.98
2003,温州,0.91
2019,嘉兴,0.59
2018,嘉兴,0.608
2017,嘉兴,0.631
2016,嘉兴,0.796
2015,嘉兴,0.831
2014,嘉兴,0.802
2013,嘉兴,0.85
2012,嘉兴,0.89
2011,嘉兴,0.89
2010,嘉兴,0.94
2009,嘉兴,0.82
2008,嘉兴,0.86
2007,嘉兴,0.72
2006,嘉兴,0.72
2005,嘉兴,0.65
2004,嘉兴,0.73
2003,嘉兴,0.71
2019,湖州,0.948
2018,湖州,0.927
2017,湖州,1.195
2016,湖州,0.835
2015,湖州,0.756
2014,湖州,0.422
2013,湖州,0.45
2012,湖州,0.43
2011,湖州,0.3
2010,湖州,0.38
2009,湖州,0.53
2008,湖州,0.56
2007,湖州,0.56
2006,湖州,0.52
2005,湖州,0.38
2004,湖州,0.25
2003,湖州,0.27
2019,绍兴,0.628
2018,绍兴,0.593
2017,绍兴,0.583
2016,绍兴,0.628
2015,绍兴,0.683
2014,绍兴,0.718
2013,绍兴,0.84
2012,绍兴,0.91
2011,绍兴,0.88
2010,绍兴,0.76
2009,绍兴,0.99
2008,绍兴,0.92
2007,绍兴,0.6
2006,绍兴,0.66
2005,绍兴,0.61
2004,绍兴,0.56
2003,绍兴,0.48
2019,金华,0.693
2018,金华,0.627
2017,金华,0.732
2016,金华,0.642
2015,金华,0.748
2014,金华,0.785
2013,金华,0.82
2012,金华,0.75
2011,金华,0.89
2010,金华,0.82
2009,金华,0.69
2008,金华,0.61
2007,金华,0.73
2006,金华,0.53
2005,金华,0.6
2004,金华,0.34
2003,金华,0.33
2019,衢州,0.17
2018,衢州,0.172
2017,衢州,0.159
2016,衢州,0.193
2015,衢州,0.189
2014,衢州,0.2
2013,衢州,0.26
2012,衢州,0.24
2011,衢州,0.23
2010,衢州,0.17
2009,衢州,0.12
2008,衢州,0.07
2007,衢州,0.1
2006,衢州,0.1
2005,衢州,0.08
2004,衢州,0.1
2003,衢州,0.24
2019,舟山,0.356
2018,舟山,0.358
2017,舟山,0.367
2016,舟山,4.77
2015,舟山,4.78
2014,舟山,4.77
2013,舟山,0.4
2012,舟山,0.35
2011,舟山,0.33
2010,舟山,0.41
2009,舟山,0.43
2008,舟山,0.33
2007,舟山,0.31
2006,舟山,0.23
2005,舟山,0.26
2004,舟山,0.3
2003,舟山,0.31
2019,台州,0.54
2018,台州,0.506
2017,台州,0.647
2016,台州,0.583
2015,台州,0.649
2014,台州,0.665
2013,台州,0.74
2012,台州,0.7
2011,台州,0.74
2010,台州,0.8
2009,台州,0.87
2008,台州,0.85
2007,台州,0.82
2006,台州,1.01
2005,台州,1.07
2004,台州,0.85
2003,台州,0.64
2019,丽水,0.197
2018,丽水,0.188
2017,丽水,0.201
2016,丽水,0.211
2015,丽水,0.22
2014,丽水,0.242
2013,丽水,0.25
2012,丽水,0.26
2011,丽水,0.27
2010,丽水,0.17
2009,丽水,0.17
2008,丽水,0.16
2007,丽水,0.16
2006,丽水,0.18
2005,丽水,0.15
2004,丽水,0.14
2003,丽水,0.15
2019,合肥,1.983
2018,合肥,3.241
2017,合肥,2.45
2016,合肥,2.601
2015,合肥,2.485
2014,合肥,2.448
2013,合肥,2.26
2012,合肥,2.11
2011,合肥,1.61
2010,合肥,1.28
2009,合肥,1.2
2008,合肥,1.06
2007,合肥,0.94
2006,合肥,0.52
2005,合肥,0.53
2004,合肥,0.61
2003,合肥,0.88
2019,芜湖,0.441
2018,芜湖,0.478
2017,芜湖,0.51
2016,芜湖,0.625
2015,芜湖,0.641
2014,芜湖,0.68
2013,芜湖,0.55
2012,芜湖,0.39
2011,芜湖,0.37
2010,芜湖,0.3
2009,芜湖,0.28
2008,芜湖,0.2
2007,芜湖,0.18
2006,芜湖,0.22
2005,芜湖,0.28
2004,芜湖,0.22
2003,芜湖,0.24
2019,蚌埠,0.169
2018,蚌埠,0.159
2017,蚌埠,0.159
2016,蚌埠,0.175
2015,蚌埠,0.184
2014,蚌埠,0.195
2013,蚌埠,0.21
2012,蚌埠,0.09
2011,蚌埠,0.1
2010,蚌埠,0.11
2009,蚌埠,0.11
2008,蚌埠,0.12
2007,蚌埠,0.12
2006,蚌埠,0.13
2005,蚌埠,0.12
2004,蚌埠,0.56
2003,蚌埠,0.25
2019,淮南,0.087
2018,淮南,0.12
2017,淮南,0.124
2016,淮南,0.134
2015,淮南,0.15
2014,淮南,0.144
2013,淮南,0.17
2012,淮南,0.27
2011,淮南,0.28
2010,淮南,0.24
2009,淮南,0.27
2008,淮南,0.17
2007,淮南,0.14
2006,淮南,0.13
2005,淮南,0.14
2004,淮南,0.18
2003,淮南,0.2
2019,马鞍山,0.326
2018,马鞍山,0.051
2017,马鞍山,0.04
2016,马鞍山,0.044
2015,马鞍山,0.057
2014,马鞍山,0.067
2013,马鞍山,0.06
2012,马鞍山,0.03
2011,马鞍山,0.03
2010,马鞍山,0.04
2009,马鞍山,0.05
2008,马鞍山,0.05
2007,马鞍山,0.09
2006,马鞍山,0.08
2005,马鞍山,0.09
2004,马鞍山,0.09
2003,马鞍山,0.11
2019,淮北,0.1
2018,淮北,0.068
2017,淮北,0.065
2016,淮北,0.048
2015,淮北,0.058
2014,淮北,0.094
2013,淮北,0.1
2012,淮北,0.05
2011,淮北,0.06
2010,淮北,0.06
2009,淮北,0.09
2008,淮北,0.06
2007,淮北,0.06
2006,淮北,0.08
2005,淮北,0.08
2004,淮北,0.08
2003,淮北,0.1
2019,铜陵,0.316
2018,铜陵,0.156
2017,铜陵,0.137
2016,铜陵,0.121
2015,铜陵,0.132
2014,铜陵,0.174
2013,铜陵,0.17
2012,铜陵,0.08
2011,铜陵,0.08
2010,铜陵,0.07
2009,铜陵,0.08
2008,铜陵,0.07
2007,铜陵,0.18
2006,铜陵,0.13
2005,铜陵,0.15
2004,铜陵,0.07
2003,铜陵,0.07
2019,安庆,0.36
2018,安庆,0.363
2017,安庆,0.371
2016,安庆,0.444
2015,安庆,0.412
2014,安庆,0.436
2013,安庆,0.49
2012,安庆,0.18
2011,安庆,0.2
2010,安庆,0.19
2009,安庆,0.23
2008,安庆,0.19
2007,安庆,0.21
2006,安庆,0.23
2005,安庆,0.19
2004,安庆,0.18
2003,安庆,0.26
2019,黄山,0.403
2018,黄山,0.359
2017,黄山,0.369
2016,黄山,0.539
2015,黄山,0.582
2014,黄山,0.598
2013,黄山,0.69
2012,黄山,0.58
2011,黄山,0.49
2010,黄山,0.51
2009,黄山,0.5
2008,黄山,0.54
2007,黄山,0.47
2006,黄山,0.44
2005,黄山,0.43
2004,黄山,0.5
2003,黄山,0.46
2019,滁州,0.156
2018,滁州,0.126
2017,滁州,0.114
2016,滁州,0.13
2015,滁州,0.149
2014,滁州,0.142
2013,滁州,0.13
2012,滁州,0.08
2011,滁州,0.09
2010,滁州,0.1
2009,滁州,0.1
2008,滁州,0.04
2007,滁州,0.11
2006,滁州,0.1
2005,滁州,0.1
2004,滁州,0.16
2003,滁州,0.19
2019,阜阳,0.294
2018,阜阳,0.208
2017,阜阳,0.15
2016,阜阳,0.141
2015,阜阳,0.148
2014,阜阳,0.146
2013,阜阳,0.11
2012,阜阳,0.1
2011,阜阳,0.16
2010,阜阳,0.15
2009,阜阳,0.15
2008,阜阳,0.15
2007,阜阳,0.17
2006,阜阳,0.17
2005,阜阳,0.19
2004,阜阳,0.23
2003,阜阳,0.26
2019,宿州,0.205
2018,宿州,0.223
2017,宿州,
2016,宿州,1.8
2015,宿州,1.7
2014,宿州,0.222
2013,宿州,0.21
2012,宿州,0.04
2011,宿州,0.09
2010,宿州,0.07
2009,宿州,0.07
2008,宿州,0.07
2007,宿州,0.08
2006,宿州,0.07
2005,宿州,0.09
2004,宿州,0.1
2003,宿州,0.12
2019,巢湖,
2018,巢湖,
2017,巢湖,
2016,巢湖,
2015,巢湖,
2014,巢湖,0.0
2013,巢湖,
2012,巢湖,
2011,巢湖,
2010,巢湖,0.2
2009,巢湖,0.2
2008,巢湖,0.16
2007,巢湖,0.16
2006,巢湖,0.15
2005,巢湖,0.11
2004,巢湖,0.12
2003,巢湖,0.06
2019,六安,9.87
2018,六安,9.68
2017,六安,7.891
2016,六安,7.945
2015,六安,8.182
2014,六安,0.127
2013,六安,6.69
2012,六安,6.6
2011,六安,6.6
2010,六安,0.07
2009,六安,0.09
2008,六安,0.04
2007,六安,0.02
2006,六安,0.02
2005,六安,0.04
2004,六安,0.07
2003,六安,0.07
2019,亳州,0.405
2018,亳州,0.321
2017,亳州,0.316
2016,亳州,0.293
2015,亳州,0.257
2014,亳州,0.195
2013,亳州,0.21
2012,亳州,0.04
2011,亳州,0.07
2010,亳州,0.09
2009,亳州,0.15
2008,亳州,0.1
2007,亳州,0.09
2006,亳州,0.04
2005,亳州,0.05
2004,亳州,0.14
2003,亳州,0.12
2019,池州,0.107
2018,池州,0.106
2017,池州,0.125
2016,池州,0.208
2015,池州,0.222
2014,池州,0.213
2013,池州,0.21
2012,池州,0.18
2011,池州,0.17
2010,池州,0.13
2009,池州,0.11
2008,池州,0.04
2007,池州,0.05
2006,池州,0.1
2005,池州,0.04
2004,池州,0.03
2003,池州,0.06
2019,宣城,0.137
2018,宣城,0.15
2017,宣城,0.144
2016,宣城,0.089
2015,宣城,0.093
2014,宣城,0.106
2013,宣城,5.9
2012,宣城,10.1
2011,宣城,10.1
2010,宣城,0.06
2009,宣城,0.06
2008,宣城,0.05
2007,宣城,0.05
2006,宣城,0.03
2005,宣城,0.03
2004,宣城,0.06
2003,宣城,0.06
2019,福州,2.573
2018,福州,3.047
2017,福州,2.557
2016,福州,2.488
2015,福州,2.391
2014,福州,2.41
2013,福州,2.49
2012,福州,2.27
2011,福州,2.33
2010,福州,2.1
2009,福州,1.86
2008,福州,1.67
2007,福州,1.7
2006,福州,1.36
2005,福州,1.51
2004,福州,1.56
2003,福州,1.15
2019,厦门,4.014
2018,厦门,4.051
2017,厦门,3.598
2016,厦门,3.609
2015,厦门,3.527
2014,厦门,3.485
2013,厦门,3.43
2012,厦门,3.36
2011,厦门,3.21
2010,厦门,2.6
2009,厦门,1.57
2008,厦门,1.34
2007,厦门,1.46
2006,厦门,1.28
2005,厦门,1.17
2004,厦门,0.96
2003,厦门,0.92
2019,莆田,0.307
2018,莆田,0.442
2017,莆田,0.494
2016,莆田,0.467
2015,莆田,0.495
2014,莆田,0.481
2013,莆田,0.44
2012,莆田,0.48
2011,莆田,0.42
2010,莆田,0.3
2009,莆田,0.2
2008,莆田,0.19
2007,莆田,0.19
2006,莆田,0.17
2005,莆田,0.17
2004,莆田,0.19
2003,莆田,0.15
2019,三明,0.096
2018,三明,0.1
2017,三明,0.112
2016,三明,0.134
2015,三明,0.144
2014,三明,0.163
2013,三明,0.2
2012,三明,0.23
2011,三明,0.22
2010,三明,0.17
2009,三明,0.18
2008,三明,0.19
2007,三明,0.2
2006,三明,0.19
2005,三明,0.2
2004,三明,0.21
2003,三明,0.19
2019,泉州,0.956
2018,泉州,1.757
2017,泉州,1.494
2016,泉州,1.462
2015,泉州,1.538
2014,泉州,1.59
2013,泉州,1.74
2012,泉州,1.66
2011,泉州,1.29
2010,泉州,1.3
2009,泉州,1.18
2008,泉州,1.16
2007,泉州,0.99
2006,泉州,0.83
2005,泉州,0.79
2004,泉州,0.79
2003,泉州,0.68
2019,漳州,0.397
2018,漳州,0.56
2017,漳州,0.55
2016,漳州,0.521
2015,漳州,0.507
2014,漳州,0.534
2013,漳州,0.41
2012,漳州,0.51
2011,漳州,0.39
2010,漳州,0.29
2009,漳州,0.28
2008,漳州,0.29
2007,漳州,0.25
2006,漳州,0.27
2005,漳州,0.26
2004,漳州,0.28
2003,漳州,0.28
2019,南平,0.243
2018,南平,0.334
2017,南平,0.35
2016,南平,0.349
2015,南平,0.384
2014,南平,0.43
2013,南平,0.41
2012,南平,0.39
2011,南平,0.43
2010,南平,0.37
2009,南平,0.4
2008,南平,0.39
2007,南平,0.43
2006,南平,0.39
2005,南平,0.36
2004,南平,0.35
2003,南平,0.34
2019,龙岩,0.386
2018,龙岩,0.586
2017,龙岩,0.542
2016,龙岩,0.424
2015,龙岩,0.476
2014,龙岩,0.464
2013,龙岩,0.44
2012,龙岩,0.25
2011,龙岩,0.24
2010,龙岩,0.25
2009,龙岩,0.24
2008,龙岩,0.24
2007,龙岩,0.24
2006,龙岩,0.21
2005,龙岩,0.21
2004,龙岩,0.22
2003,龙岩,0.24
2019,宁德,0.214
2018,宁德,0.282
2017,宁德,0.276
2016,宁德,0.307
2015,宁德,0.321
2014,宁德,0.359
2013,宁德,0.37
2012,宁德,0.27
2011,宁德,0.21
2010,宁德,0.21
2009,宁德,0.21
2008,宁德,0.16
2007,宁德,0.16
2006,宁德,0.16
2005,宁德,0.19
2004,宁德,0.18
2003,宁德,0.18
2019,南昌,1.14
2018,南昌,0.976
2017,南昌,1.25
2016,南昌,1.412
2015,南昌,1.503
2014,南昌,1.456
2013,南昌,1.99
2012,南昌,1.97
2011,南昌,1.68
2010,南昌,0.32
2009,南昌,0.31
2008,南昌,0.37
2007,南昌,0.43
2006,南昌,0.57
2005,南昌,0.56
2004,南昌,0.62
2003,南昌,0.51
2019,景德镇,0.236
2018,景德镇,0.24
2017,景德镇,0.235
2016,景德镇,0.235
2015,景德镇,0.23
2014,景德镇,0.252
2013,景德镇,0.27
2012,景德镇,0.23
2011,景德镇,0.29
2010,景德镇,0.1
2009,景德镇,0.13
2008,景德镇,0.13
2007,景德镇,0.15
2006,景德镇,0.13
2005,景德镇,0.13
2004,景德镇,0.1
2003,景德镇,0.11
2019,萍乡,0.064
2018,萍乡,0.087
2017,萍乡,0.069
2016,萍乡,0.053
2015,萍乡,0.044
2014,萍乡,0.039
2013,萍乡,0.07
2012,萍乡,0.08
2011,萍乡,0.06
2010,萍乡,0.06
2009,萍乡,0.07
2008,萍乡,0.07
2007,萍乡,0.12
2006,萍乡,0.12
2005,萍乡,0.13
2004,萍乡,0.13
2003,萍乡,0.17
2019,九江,0.469
2018,九江,0.439
2017,九江,0.591
2016,九江,0.512
2015,九江,0.547
2014,九江,0.484
2013,九江,0.47
2012,九江,0.47
2011,九江,0.34
2010,九江,0.25
2009,九江,0.24
2008,九江,0.25
2007,九江,0.31
2006,九江,0.56
2005,九江,0.44
2004,九江,0.33
2003,九江,0.35
2019,新余,0.049
2018,新余,0.066
2017,新余,0.194
2016,新余,0.206
2015,新余,0.208
2014,新余,0.15
2013,新余,0.16
2012,新余,0.05
2011,新余,0.03
2010,新余,0.04
2009,新余,0.03
2008,新余,1.79
2007,新余,2.87
2006,新余,2.7
2005,新余,1.76
2004,新余,1.65
2003,新余,0.69
2019,鹰潭,0.173
2018,鹰潭,0.192
2017,鹰潭,0.218
2016,鹰潭,0.157
2015,鹰潭,0.189
2014,鹰潭,0.17
2013,鹰潭,0.18
2012,鹰潭,0.12
2011,鹰潭,0.09
2010,鹰潭,0.15
2009,鹰潭,0.06
2008,鹰潭,0.07
2007,鹰潭,0.06
2006,鹰潭,0.1
2005,鹰潭,0.12
2004,鹰潭,0.07
2003,鹰潭,0.07
2019,赣州,0.424
2018,赣州,0.377
2017,赣州,0.474
2016,赣州,0.47
2015,赣州,0.473
2014,赣州,0.482
2013,赣州,0.5
2012,赣州,0.55
2011,赣州,0.24
2010,赣州,0.23
2009,赣州,0.23
2008,赣州,0.24
2007,赣州,0.28
2006,赣州,0.26
2005,赣州,0.27
2004,赣州,0.27
2003,赣州,0.21
2019,吉安,0.281
2018,吉安,0.262
2017,吉安,0.322
2016,吉安,0.325
2015,吉安,0.306
2014,吉安,0.283
2013,吉安,0.26
2012,吉安,0.17
2011,吉安,0.15
2010,吉安,0.16
2009,吉安,0.16
2008,吉安,0.13
2007,吉安,0.22
2006,吉安,0.22
2005,吉安,0.19
2004,吉安,0.2
2003,吉安,0.21
2019,宜春,0.319
2018,宜春,0.261
2017,宜春,0.333
2016,宜春,0.34
2015,宜春,0.34
2014,宜春,0.258
2013,宜春,0.27
2012,宜春,0.23
2011,宜春,0.18
2010,宜春,0.2
2009,宜春,0.24
2008,宜春,0.23
2007,宜春,0.23
2006,宜春,0.23
2005,宜春,0.23
2004,宜春,0.15
2003,宜春,0.18
2019,抚州,0.074
2018,抚州,0.072
2017,抚州,0.16
2016,抚州,0.164
2015,抚州,0.166
2014,抚州,0.194
2013,抚州,0.2
2012,抚州,0.14
2011,抚州,0.11
2010,抚州,0.04
2009,抚州,0.04
2008,抚州,0.04
2007,抚州,0.02
2006,抚州,0.06
2005,抚州,0.07
2004,抚州,0.07
2003,抚州,0.09
2019,上饶,0.333
2018,上饶,0.323
2017,上饶,0.388
2016,上饶,0.362
2015,上饶,0.409
2014,上饶,0.387
2013,上饶,0.43
2012,上饶,0.46
2011,上饶,0.14
2010,上饶,0.14
2009,上饶,0.3
2008,上饶,0.35
2007,上饶,0.22
2006,上饶,0.23
2005,上饶,0.23
2004,上饶,0.18
2003,上饶,0.17
2019,济南,2.511
2018,济南,2.572
2017,济南,2.414
2016,济南,2.511
2015,济南,2.618
2014,济南,2.824
2013,济南,3.27
2012,济南,4.04
2011,济南,3.78
2010,济南,2.6
2009,济南,3.38
2008,济南,3.51
2007,济南,3.51
2006,济南,3.14
2005,济南,3.07
2004,济南,1.34
2003,济南,1.75
2019,青岛,2.771
2018,青岛,2.54
2017,青岛,2.822
2016,青岛,2.531
2015,青岛,2.237
2014,青岛,2.861
2013,青岛,2.58
2012,青岛,2.67
2011,青岛,2.28
2010,青岛,2.06
2009,青岛,2.08
2008,青岛,2.06
2007,青岛,2.05
2006,青岛,1.96
2005,青岛,2.04
2004,青岛,1.86
2003,青岛,1.77
2019,淄博,0.329
2018,淄博,0.612
2017,淄博,0.6
2016,淄博,0.649
2015,淄博,0.66
2014,淄博,0.697
2013,淄博,0.81
2012,淄博,0.83
2011,淄博,0.78
2010,淄博,0.69
2009,淄博,0.68
2008,淄博,0.66
2007,淄博,0.67
2006,淄博,0.62
2005,淄博,0.68
2004,淄博,0.42
2003,淄博,0.44
2019,枣庄,0.164
2018,枣庄,0.206
2017,枣庄,0.252
2016,枣庄,0.298
2015,枣庄,0.291
2014,枣庄,0.337
2013,枣庄,0.33
2012,枣庄,0.15
2011,枣庄,0.15
2010,枣庄,0.15
2009,枣庄,0.14
2008,枣庄,0.16
2007,枣庄,0.13
2006,枣庄,0.21
2005,枣庄,0.23
2004,枣庄,0.13
2003,枣庄,0.17
2019,东营,0.359
2018,东营,0.564
2017,东营,1.141
2016,东营,1.147
2015,东营,0.696
2014,东营,0.83
2013,东营,0.9
2012,东营,1.31
2011,东营,0.95
2010,东营,0.66
2009,东营,0.55
2008,东营,0.54
2007,东营,0.28
2006,东营,0.28
2005,东营,0.31
2004,东营,0.3
2003,东营,0.33
2019,烟台,1.107
2018,烟台,1.051
2017,烟台,1.133
2016,烟台,1.15
2015,烟台,1.139
2014,烟台,1.119
2013,烟台,1.25
2012,烟台,1.24
2011,烟台,1.19
2010,烟台,0.9
2009,烟台,0.91
2008,烟台,0.84
2007,烟台,0.97
2006,烟台,0.9
2005,烟台,0.91
2004,烟台,0.78
2003,烟台,0.8
2019,潍坊,0.767
2018,潍坊,0.759
2017,潍坊,0.883
2016,潍坊,0.892
2015,潍坊,1.055
2014,潍坊,1.0
2013,潍坊,1.43
2012,潍坊,0.83
2011,潍坊,0.59
2010,潍坊,0.69
2009,潍坊,0.67
2008,潍坊,0.74
2007,潍坊,0.67
2006,潍坊,0.69
2005,潍坊,0.64
2004,潍坊,0.62
2003,潍坊,0.6
2019,济宁,0.682
2018,济宁,0.716
2017,济宁,0.768
2016,济宁,0.806
2015,济宁,0.869
2014,济宁,0.866
2013,济宁,1.02
2012,济宁,0.4
2011,济宁,0.46
2010,济宁,0.4
2009,济宁,0.47
2008,济宁,0.51
2007,济宁,0.48
2006,济宁,0.54
2005,济宁,0.54
2004,济宁,0.52
2003,济宁,0.53
2019,泰安,0.434
2018,泰安,0.495
2017,泰安,0.657
2016,泰安,0.606
2015,泰安,0.635
2014,泰安,1.087
2013,泰安,0.83
2012,泰安,0.85
2011,泰安,0.76
2010,泰安,0.57
2009,泰安,0.52
2008,泰安,0.55
2007,泰安,0.42
2006,泰安,0.45
2005,泰安,0.45
2004,泰安,0.35
2003,泰安,0.34
2019,威海,0.678
2018,威海,0.654
2017,威海,0.691
2016,威海,0.722
2015,威海,0.726
2014,威海,0.676
2013,威海,0.77
2012,威海,1.05
2011,威海,1.08
2010,威海,0.68
2009,威海,0.67
2008,威海,0.65
2007,威海,0.64
2006,威海,0.63
2005,威海,0.72
2004,威海,0.66
2003,威海,0.68
2019,日照,0.26
2018,日照,0.224
2017,日照,0.254
2016,日照,0.293
2015,日照,0.327
2014,日照,0.31
2013,日照,0.38
2012,日照,0.24
2011,日照,0.24
2010,日照,0.25
2009,日照,0.2
2008,日照,0.17
2007,日照,0.18
2006,日照,0.19
2005,日照,0.2
2004,日照,0.16
2003,日照,0.12
2019,莱芜,
2018,莱芜,0.129
2017,莱芜,0.134
2016,莱芜,0.129
2015,莱芜,0.158
2014,莱芜,0.173
2013,莱芜,0.1
2012,莱芜,0.07
2011,莱芜,0.16
2010,莱芜,0.09
2009,莱芜,0.11
2008,莱芜,0.1
2007,莱芜,0.12
2006,莱芜,0.12
2005,莱芜,0.13
2004,莱芜,0.1
2003,莱芜,0.08
2019,临沂,0.508
2018,临沂,0.536
2017,临沂,0.646
2016,临沂,0.64
2015,临沂,0.663
2014,临沂,0.815
2013,临沂,3.23
2012,临沂,0.47
2011,临沂,0.3
2010,临沂,0.3
2009,临沂,0.38
2008,临沂,0.42
2007,临沂,0.46
2006,临沂,0.46
2005,临沂,0.48
2004,临沂,0.32
2003,临沂,0.34
2019,德州,0.422
2018,德州,0.499
2017,德州,0.588
2016,德州,0.665
2015,德州,0.673
2014,德州,0.712
2013,德州,0.77
2012,德州,0.34
2011,德州,0.29
2010,德州,0.32
2009,德州,0.32
2008,德州,0.35
2007,德州,0.42
2006,德州,0.38
2005,德州,0.37
2004,德州,0.27
2003,德州,0.31
2019,聊城,0.244
2018,聊城,0.378
2017,聊城,0.42
2016,聊城,0.448
2015,聊城,0.46
2014,聊城,0.44
2013,聊城,0.64
2012,聊城,0.24
2011,聊城,0.25
2010,聊城,0.23
2009,聊城,0.24
2008,聊城,0.27
2007,聊城,0.29
2006,聊城,0.31
2005,聊城,0.3
2004,聊城,0.31
2003,聊城,0.28
2019,滨州,0.21
2018,滨州,0.18
2017,滨州,0.26
2016,滨州,0.262
2015,滨州,0.301
2014,滨州,0.346
2013,滨州,0.41
2012,滨州,0.18
2011,滨州,0.17
2010,滨州,0.12
2009,滨州,0.12
2008,滨州,0.12
2007,滨州,0.13
2006,滨州,0.15
2005,滨州,0.15
2004,滨州,0.14
2003,滨州,0.14
2019,菏泽,0.188
2018,菏泽,0.228
2017,菏泽,0.268
2016,菏泽,0.32
2015,菏泽,0.336
2014,菏泽,0.312
2013,菏泽,0.33
2012,菏泽,0.21
2011,菏泽,0.25
2010,菏泽,0.24
2009,菏泽,0.2
2008,菏泽,0.22
2007,菏泽,0.23
2006,菏泽,0.24
2005,菏泽,0.3
2004,菏泽,0.27
2003,菏泽,0.25
2019,郑州,2.846
2018,郑州,2.694
2017,郑州,2.962
2016,郑州,3.095
2015,郑州,3.221
2014,郑州,3.35
2013,郑州,3.67
2012,郑州,3.38
2011,郑州,3.41
2010,郑州,2.89
2009,郑州,2.47
2008,郑州,2.29
2007,郑州,3.03
2006,郑州,3.25
2005,郑州,3.17
2004,郑州,2.73
2003,郑州,2.66
2019,开封,0.338
2018,开封,0.486
2017,开封,0.603
2016,开封,0.671
2015,开封,0.689
2014,开封,0.7
2013,开封,0.7
2012,开封,0.85
2011,开封,0.75
2010,开封,0.7
2009,开封,0.72
2008,开封,0.43
2007,开封,0.43
2006,开封,0.66
2005,开封,0.63
2004,开封,0.58
2003,开封,0.61
2019,洛阳,0.594
2018,洛阳,0.651
2017,洛阳,0.802
2016,洛阳,0.813
2015,洛阳,0.858
2014,洛阳,0.86
2013,洛阳,0.94
2012,洛阳,0.75
2011,洛阳,0.77
2010,洛阳,0.71
2009,洛阳,0.78
2008,洛阳,0.74
2007,洛阳,0.62
2006,洛阳,0.73
2005,洛阳,0.76
2004,洛阳,0.82
2003,洛阳,0.81
2019,平顶山,0.323
2018,平顶山,0.328
2017,平顶山,0.46
2016,平顶山,0.533
2015,平顶山,0.558
2014,平顶山,0.602
2013,平顶山,0.67
2012,平顶山,0.42
2011,平顶山,0.45
2010,平顶山,0.47
2009,平顶山,0.41
2008,平顶山,0.52
2007,平顶山,0.53
2006,平顶山,0.5
2005,平顶山,0.45
2004,平顶山,0.49
2003,平顶山,0.51
2019,安阳,0.207
2018,安阳,0.3
2017,安阳,0.3
2016,安阳,0.335
2015,安阳,0.38
2014,安阳,0.406
2013,安阳,0.45
2012,安阳,0.58
2011,安阳,0.43
2010,安阳,0.53
2009,安阳,0.51
2008,安阳,0.25
2007,安阳,0.51
2006,安阳,0.49
2005,安阳,0.5
2004,安阳,0.44
2003,安阳,0.38
2019,鹤壁,0.082
2018,鹤壁,0.102
2017,鹤壁,0.152
2016,鹤壁,0.169
2015,鹤壁,0.162
2014,鹤壁,0.16
2013,鹤壁,0.17
2012,鹤壁,0.14
2011,鹤壁,0.15
2010,鹤壁,0.14
2009,鹤壁,0.12
2008,鹤壁,0.15
2007,鹤壁,0.16
2006,鹤壁,0.15
2005,鹤壁,0.17
2004,鹤壁,0.2
2003,鹤壁,0.22
2019,新乡,0.255
2018,新乡,0.282
2017,新乡,0.385
2016,新乡,0.438
2015,新乡,0.522
2014,新乡,0.6
2013,新乡,0.65
2012,新乡,0.38
2011,新乡,0.4
2010,新乡,0.41
2009,新乡,0.46
2008,新乡,0.39
2007,新乡,0.41
2006,新乡,0.6
2005,新乡,0.62
2004,新乡,0.58
2003,新乡,0.65
2019,焦作,0.24
2018,焦作,0.212
2017,焦作,0.322
2016,焦作,0.315
2015,焦作,0.286
2014,焦作,0.314
2013,焦作,0.34
2012,焦作,0.36
2011,焦作,0.39
2010,焦作,0.41
2009,焦作,0.45
2008,焦作,0.3
2007,焦作,0.3
2006,焦作,0.32
2005,焦作,0.32
2004,焦作,0.25
2003,焦作,0.28
2019,濮阳,0.168
2018,濮阳,0.138
2017,濮阳,0.168
2016,濮阳,0.165
2015,濮阳,0.178
2014,濮阳,0.169
2013,濮阳,0.24
2012,濮阳,0.2
2011,濮阳,0.31
2010,濮阳,0.2
2009,濮阳,0.17
2008,濮阳,0.27
2007,濮阳,0.19
2006,濮阳,0.22
2005,濮阳,0.56
2004,濮阳,0.58
2003,濮阳,0.47
2019,许昌,0.306
2018,许昌,0.29
2017,许昌,0.518
2016,许昌,0.535
2015,许昌,0.489
2014,许昌,0.42
2013,许昌,0.36
2012,许昌,0.34
2011,许昌,0.41
2010,许昌,0.25
2009,许昌,0.29
2008,许昌,0.33
2007,许昌,0.33
2006,许昌,0.35
2005,许昌,0.35
2004,许昌,0.35
2003,许昌,0.34
2019,漯河,0.162
2018,漯河,0.199
2017,漯河,0.199
2016,漯河,0.193
2015,漯河,0.146
2014,漯河,0.114
2013,漯河,0.12
2012,漯河,0.09
2011,漯河,0.16
2010,漯河,0.11
2009,漯河,0.13
2008,漯河,0.08
2007,漯河,0.16
2006,漯河,0.18
2005,漯河,0.16
2004,漯河,0.14
2003,漯河,0.16
2019,三门峡,0.255
2018,三门峡,0.266
2017,三门峡,0.23
2016,三门峡,0.211
2015,三门峡,0.209
2014,三门峡,0.232
2013,三门峡,0.27
2012,三门峡,0.29
2011,三门峡,0.26
2010,三门峡,0.28
2009,三门峡,0.3
2008,三门峡,0.28
2007,三门峡,0.28
2006,三门峡,0.26
2005,三门峡,0.29
2004,三门峡,0.3
2003,三门峡,0.42
2019,南阳,0.514
2018,南阳,0.506
2017,南阳,0.874
2016,南阳,0.943
2015,南阳,0.969
2014,南阳,0.946
2013,南阳,0.94
2012,南阳,0.8
2011,南阳,0.76
2010,南阳,0.91
2009,南阳,0.89
2008,南阳,0.89
2007,南阳,0.92
2006,南阳,0.9
2005,南阳,0.85
2004,南阳,0.8
2003,南阳,0.85
2019,商丘,0.309
2018,商丘,0.249
2017,商丘,0.521
2016,商丘,0.56
2015,商丘,0.589
2014,商丘,0.391
2013,商丘,0.32
2012,商丘,0.22
2011,商丘,0.27
2010,商丘,0.28
2009,商丘,0.3
2008,商丘,0.24
2007,商丘,0.31
2006,商丘,0.32
2005,商丘,0.29
2004,商丘,0.28
2003,商丘,0.32
2019,信阳,0.448
2018,信阳,0.448
2017,信阳,0.664
2016,信阳,0.742
2015,信阳,0.734
2014,信阳,0.806
2013,信阳,0.73
2012,信阳,0.58
2011,信阳,0.55
2010,信阳,0.54
2009,信阳,0.54
2008,信阳,0.53
2007,信阳,0.54
2006,信阳,0.54
2005,信阳,0.53
2004,信阳,0.53
2003,信阳,0.54
2019,周口,0.286
2018,周口,0.228
2017,周口,0.302
2016,周口,0.314
2015,周口,0.287
2014,周口,0.23
2013,周口,0.24
2012,周口,0.18
2011,周口,0.25
2010,周口,0.27
2009,周口,0.26
2008,周口,0.28
2007,周口,0.37
2006,周口,0.36
2005,周口,0.35
2004,周口,0.22
2003,周口,0.22
2019,驻马店,0.418
2018,驻马店,1.0
2017,驻马店,1.172
2016,驻马店,0.676
2015,驻马店,0.946
2014,驻马店,0.78
2013,驻马店,0.55
2012,驻马店,0.53
2011,驻马店,0.44
2010,驻马店,0.35
2009,驻马店,0.42
2008,驻马店,0.5
2007,驻马店,0.37
2006,驻马店,0.38
2005,驻马店,0.42
2004,驻马店,0.36
2003,驻马店,0.33
2019,武汉,5.188
2018,武汉,5.158
2017,武汉,5.46
2016,武汉,4.957
2015,武汉,5.12
2014,武汉,5.434
2013,武汉,6.53
2012,武汉,5.45
2011,武汉,4.89
2010,武汉,4.69
2009,武汉,4.19
2008,武汉,4.13
2007,武汉,2.86
2006,武汉,4.19
2005,武汉,3.25
2004,武汉,5.53
2003,武汉,5.58
2019,黄石,0.427
2018,黄石,0.291
2017,黄石,0.332
2016,黄石,0.301
2015,黄石,0.369
2014,黄石,0.41
2013,黄石,0.37
2012,黄石,0.33
2011,黄石,0.3
2010,黄石,1.05
2009,黄石,0.49
2008,黄石,0.31
2007,黄石,0.27
2006,黄石,0.26
2005,黄石,0.26
2004,黄石,0.74
2003,黄石,0.61
2019,十堰,1.07
2018,十堰,1.055
2017,十堰,1.022
2016,十堰,1.019
2015,十堰,0.989
2014,十堰,1.03
2013,十堰,1.01
2012,十堰,1.01
2011,十堰,0.84
2010,十堰,0.7
2009,十堰,0.63
2008,十堰,0.62
2007,十堰,0.43
2006,十堰,0.34
2005,十堰,0.37
2004,十堰,0.38
2003,十堰,0.36
2019,宜昌,2.933
2018,宜昌,2.38
2017,宜昌,2.411
2016,宜昌,2.488
2015,宜昌,2.465
2014,宜昌,2.49
2013,宜昌,2.13
2012,宜昌,1.58
2011,宜昌,1.71
2010,宜昌,1.17
2009,宜昌,1.21
2008,宜昌,0.53
2007,宜昌,0.53
2006,宜昌,1.01
2005,宜昌,1.0
2004,宜昌,1.77
2003,宜昌,1.57
2019,襄阳,1.956
2018,襄阳,1.798
2017,襄阳,1.688
2016,襄阳,1.674
2015,襄阳,1.907
2014,襄阳,1.583
2013,襄阳,1.58
2012,襄阳,1.41
2011,襄阳,0.57
2010,襄阳,0.47
2009,襄阳,0.46
2008,襄阳,0.4
2007,襄阳,0.3
2006,襄阳,0.25
2005,襄阳,0.29
2004,襄阳,0.27
2003,襄阳,0.31
2019,鄂州,0.511
2018,鄂州,0.467
2017,鄂州,0.418
2016,鄂州,0.487
2015,鄂州,0.403
2014,鄂州,0.363
2013,鄂州,0.37
2012,鄂州,0.41
2011,鄂州,0.4
2010,鄂州,0.38
2009,鄂州,0.33
2008,鄂州,0.14
2007,鄂州,0.14
2006,鄂州,0.1
2005,鄂州,0.09
2004,鄂州,0.15
2003,鄂州,0.34
2019,荆门,0.889
2018,荆门,0.783
2017,荆门,0.78
2016,荆门,0.647
2015,荆门,0.658
2014,荆门,0.68
2013,荆门,0.68
2012,荆门,0.64
2011,荆门,0.48
2010,荆门,0.42
2009,荆门,0.39
2008,荆门,0.35
2007,荆门,0.33
2006,荆门,0.19
2005,荆门,0.18
2004,荆门,0.14
2003,荆门,0.14
2019,孝感,3.546
2018,孝感,3.478
2017,孝感,3.377
2016,孝感,3.16
2015,孝感,3.204
2014,孝感,0.602
2013,孝感,3.19
2012,孝感,2.67
2011,孝感,2.42
2010,孝感,1.14
2009,孝感,0.84
2008,孝感,0.74
2007,孝感,0.42
2006,孝感,0.33
2005,孝感,0.24
2004,孝感,0.19
2003,孝感,0.19
2019,荆州,0.188
2018,荆州,0.159
2017,荆州,0.324
2016,荆州,0.395
2015,荆州,0.39
2014,荆州,0.422
2013,荆州,0.38
2012,荆州,0.18
2011,荆州,0.16
2010,荆州,0.35
2009,荆州,0.33
2008,荆州,0.33
2007,荆州,0.33
2006,荆州,0.27
2005,荆州,0.21
2004,荆州,0.26
2003,荆州,0.28
2019,黄冈,1.623
2018,黄冈,1.061
2017,黄冈,1.561
2016,黄冈,0.406
2015,黄冈,0.384
2014,黄冈,0.67
2013,黄冈,0.37
2012,黄冈,0.39
2011,黄冈,0.41
2010,黄冈,0.54
2009,黄冈,0.4
2008,黄冈,0.36
2007,黄冈,0.33
2006,黄冈,0.26
2005,黄冈,0.29
2004,黄冈,0.18
2003,黄冈,0.26
2019,咸宁,0.145
2018,咸宁,0.496
2017,咸宁,0.191
2016,咸宁,0.238
2015,咸宁,0.242
2014,咸宁,0.379
2013,咸宁,0.37
2012,咸宁,0.19
2011,咸宁,0.29
2010,咸宁,0.27
2009,咸宁,0.15
2008,咸宁,0.29
2007,咸宁,0.23
2006,咸宁,0.26
2005,咸宁,0.15
2004,咸宁,0.14
2003,咸宁,0.19
2019,随州,0.084
2018,随州,0.101
2017,随州,0.187
2016,随州,0.199
2015,随州,0.195
2014,随州,0.224
2013,随州,0.21
2012,随州,0.15
2011,随州,0.15
2010,随州,0.14
2009,随州,0.12
2008,随州,
2007,随州,
2006,随州,0.02
2005,随州,0.05
2004,随州,0.06
2003,随州,0.07
2019,长沙,2.996
2018,长沙,2.816
2017,长沙,2.619
2016,长沙,2.81
2015,长沙,3.521
2014,长沙,3.775
2013,长沙,4.53
2012,长沙,4.51
2011,长沙,4.35
2010,长沙,4.4
2009,长沙,3.72
2008,长沙,3.69
2007,长沙,3.35
2006,长沙,3.44
2005,长沙,3.19
2004,长沙,2.36
2003,长沙,2.13
2019,株洲,0.384
2018,株洲,0.435
2017,株洲,0.493
2016,株洲,0.509
2015,株洲,0.52
2014,株洲,1.144
2013,株洲,0.54
2012,株洲,0.58
2011,株洲,0.52
2010,株洲,0.47
2009,株洲,0.45
2008,株洲,0.44
2007,株洲,0.43
2006,株洲,0.42
2005,株洲,0.44
2004,株洲,0.44
2003,株洲,0.48
2019,湘潭,0.23
2018,湘潭,0.218
2017,湘潭,0.286
2016,湘潭,1.07
2015,湘潭,0.669
2014,湘潭,0.88
2013,湘潭,0.38
2012,湘潭,0.34
2011,湘潭,0.35
2010,湘潭,0.32
2009,湘潭,0.43
2008,湘潭,0.46
2007,湘潭,0.4
2006,湘潭,0.38
2005,湘潭,0.33
2004,湘潭,0.2
2003,湘潭,0.21
2019,衡阳,0.366
2018,衡阳,0.376
2017,衡阳,0.57
2016,衡阳,0.675
2015,衡阳,0.663
2014,衡阳,0.65
2013,衡阳,0.77
2012,衡阳,0.86
2011,衡阳,0.74
2010,衡阳,0.73
2009,衡阳,0.61
2008,衡阳,0.65
2007,衡阳,0.54
2006,衡阳,0.63
2005,衡阳,0.59
2004,衡阳,0.61
2003,衡阳,0.52
2019,邵阳,0.168
2018,邵阳,0.167
2017,邵阳,0.149
2016,邵阳,0.159
2015,邵阳,0.173
2014,邵阳,0.16
2013,邵阳,0.17
2012,邵阳,0.11
2011,邵阳,0.15
2010,邵阳,0.12
2009,邵阳,0.14
2008,邵阳,0.12
2007,邵阳,0.13
2006,邵阳,0.11
2005,邵阳,0.13
2004,邵阳,0.1
2003,邵阳,0.14
2019,岳阳,0.403
2018,岳阳,0.412
2017,岳阳,0.514
2016,岳阳,0.64
2015,岳阳,0.642
2014,岳阳,0.48
2013,岳阳,0.49
2012,岳阳,0.49
2011,岳阳,0.47
2010,岳阳,0.9
2009,岳阳,0.58
2008,岳阳,0.37
2007,岳阳,0.34
2006,岳阳,0.24
2005,岳阳,0.24
2004,岳阳,0.27
2003,岳阳,0.29
2019,常德,0.401
2018,常德,0.403
2017,常德,0.507
2016,常德,0.555
2015,常德,0.565
2014,常德,0.53
2013,常德,0.49
2012,常德,0.45
2011,常德,0.31
2010,常德,0.31
2009,常德,0.27
2008,常德,0.37
2007,常德,0.38
2006,常德,0.35
2005,常德,0.41
2004,常德,0.19
2003,常德,0.2
2019,张家界,0.358
2018,张家界,0.38
2017,张家界,0.44
2016,张家界,0.437
2015,张家界,0.45
2014,张家界,0.452
2013,张家界,0.38
2012,张家界,0.43
2011,张家界,0.38
2010,张家界,0.31
2009,张家界,0.25
2008,张家界,0.25
2007,张家界,0.27
2006,张家界,0.29
2005,张家界,0.34
2004,张家界,0.34
2003,张家界,0.25
2019,益阳,0.089
2018,益阳,0.088
2017,益阳,0.143
2016,益阳,0.157
2015,益阳,0.164
2014,益阳,0.199
2013,益阳,0.27
2012,益阳,0.27
2011,益阳,0.31
2010,益阳,0.26
2009,益阳,0.2
2008,益阳,0.18
2007,益阳,0.15
2006,益阳,0.16
2005,益阳,0.16
2004,益阳,0.19
2003,益阳,0.19
2019,郴州,0.364
2018,郴州,0.383
2017,郴州,0.424
2016,郴州,0.502
2015,郴州,0.541
2014,郴州,0.535
2013,郴州,0.52
2012,郴州,0.43
2011,郴州,0.4
2010,郴州,0.5
2009,郴州,0.42
2008,郴州,0.52
2007,郴州,0.32
2006,郴州,0.3
2005,郴州,0.34
2004,郴州,0.44
2003,郴州,0.44
2019,永州,0.155
2018,永州,0.139
2017,永州,0.139
2016,永州,0.133
2015,永州,0.17
2014,永州,0.2
2013,永州,0.21
2012,永州,0.23
2011,永州,0.27
2010,永州,0.26
2009,永州,0.34
2008,永州,0.16
2007,永州,0.16
2006,永州,0.14
2005,永州,0.19
2004,永州,0.24
2003,永州,0.19
2019,怀化,0.107
2018,怀化,0.109
2017,怀化,0.168
2016,怀化,0.167
2015,怀化,0.178
2014,怀化,0.215
2013,怀化,0.3
2012,怀化,0.31
2011,怀化,0.32
2010,怀化,0.28
2009,怀化,0.27
2008,怀化,0.22
2007,怀化,0.22
2006,怀化,0.21
2005,怀化,0.25
2004,怀化,0.25
2003,怀化,0.28
2019,娄底,0.119
2018,娄底,0.132
2017,娄底,0.18
2016,娄底,0.196
2015,娄底,0.188
2014,娄底,0.243
2013,娄底,0.22
2012,娄底,0.26
2011,娄底,0.18
2010,娄底,0.24
2009,娄底,0.24
2008,娄底,0.21
2007,娄底,0.16
2006,娄底,0.13
2005,娄底,0.12
2004,娄底,0.16
2003,娄底,0.15
2019,广州,14.783
2018,广州,12.938
2017,广州,9.985
2016,广州,10.56
2015,广州,10.192
2014,广州,9.884
2013,广州,10.89
2012,广州,13.89
2011,广州,13.47
2010,广州,10.11
2009,广州,9.42
2008,广州,9.63
2007,广州,9.7
2006,广州,9.23
2005,广州,8.78
2004,广州,8.99
2003,广州,8.78
2019,韶关,0.306
2018,韶关,0.376
2017,韶关,0.46
2016,韶关,0.484
2015,韶关,0.544
2014,韶关,0.55
2013,韶关,0.53
2012,韶关,0.4
2011,韶关,0.33
2010,韶关,0.38
2009,韶关,0.35
2008,韶关,0.37
2007,韶关,0.36
2006,韶关,0.33
2005,韶关,0.39
2004,韶关,0.31
2003,韶关,0.39
2019,深圳,11.865
2018,深圳,12.144
2017,深圳,10.631
2016,深圳,10.489
2015,深圳,10.56
2014,深圳,10.326
2013,深圳,9.7
2012,深圳,9.05
2011,深圳,7.62
2010,深圳,7.08
2009,深圳,6.6
2008,深圳,6.39
2007,深圳,6.15
2006,深圳,5.45
2005,深圳,5.2
2004,深圳,4.64
2003,深圳,3.49
2019,珠海,2.024
2018,珠海,2.715
2017,珠海,2.5
2016,珠海,2.382
2015,珠海,2.38
2014,珠海,2.312
2013,珠海,2.09
2012,珠海,1.49
2011,珠海,1.14
2010,珠海,1.27
2009,珠海,1.12
2008,珠海,1.21
2007,珠海,1.16
2006,珠海,1.24
2005,珠海,1.16
2004,珠海,0.97
2003,珠海,0.98
2019,汕头,0.622
2018,汕头,0.672
2017,汕头,0.671
2016,汕头,0.666
2015,汕头,0.59
2014,汕头,0.641
2013,汕头,0.67
2012,汕头,0.8
2011,汕头,0.54
2010,汕头,0.56
2009,汕头,0.57
2008,汕头,0.56
2007,汕头,0.54
2006,汕头,0.54
2005,汕头,0.54
2004,汕头,0.55
2003,汕头,0.55
2019,佛山,1.708
2018,佛山,1.853
2017,佛山,1.97
2016,佛山,1.89
2015,佛山,1.939
2014,佛山,2.153
2013,佛山,2.39
2012,佛山,0.84
2011,佛山,0.94
2010,佛山,1.07
2009,佛山,1.05
2008,佛山,1.07
2007,佛山,0.92
2006,佛山,0.98
2005,佛山,1.02
2004,佛山,0.97
2003,佛山,0.98
2019,江门,0.944
2018,江门,1.002
2017,江门,0.999
2016,江门,1.052
2015,江门,1.115
2014,江门,1.097
2013,江门,1.35
2012,江门,1.25
2011,江门,0.91
2010,江门,0.75
2009,江门,0.81
2008,江门,0.84
2007,江门,0.85
2006,江门,0.74
2005,江门,0.6
2004,江门,0.64
2003,江门,0.65
2019,湛江,0.62
2018,湛江,0.883
2017,湛江,0.801
2016,湛江,0.883
2015,湛江,0.951
2014,湛江,0.89
2013,湛江,1.06
2012,湛江,0.49
2011,湛江,0.5
2010,湛江,0.46
2009,湛江,0.45
2008,湛江,0.47
2007,湛江,0.44
2006,湛江,0.56
2005,湛江,0.58
2004,湛江,0.46
2003,湛江,0.46
2019,茂名,0.467
2018,茂名,0.438
2017,茂名,0.462
2016,茂名,0.506
2015,茂名,0.449
2014,茂名,0.447
2013,茂名,0.5
2012,茂名,0.38
2011,茂名,0.33
2010,茂名,0.26
2009,茂名,0.29
2008,茂名,0.28
2007,茂名,0.32
2006,茂名,0.38
2005,茂名,0.34
2004,茂名,0.27
2003,茂名,0.26
2019,肇庆,0.35
2018,肇庆,0.451
2017,肇庆,0.491
2016,肇庆,0.557
2015,肇庆,0.603
2014,肇庆,0.625
2013,肇庆,0.65
2012,肇庆,0.35
2011,肇庆,0.54
2010,肇庆,0.54
2009,肇庆,0.49
2008,肇庆,0.52
2007,肇庆,0.52
2006,肇庆,0.59
2005,肇庆,0.54
2004,肇庆,0.49
2003,肇庆,0.56
2019,惠州,0.989
2018,惠州,0.868
2017,惠州,0.968
2016,惠州,0.854
2015,惠州,0.85
2014,惠州,0.808
2013,惠州,0.86
2012,惠州,1.05
2011,惠州,0.77
2010,惠州,0.79
2009,惠州,0.68
2008,惠州,0.63
2007,惠州,0.56
2006,惠州,0.59
2005,惠州,0.59
2004,惠州,0.52
2003,惠州,0.53
2019,梅州,0.183
2018,梅州,0.218
2017,梅州,0.251
2016,梅州,0.238
2015,梅州,0.27
2014,梅州,0.311
2013,梅州,0.29
2012,梅州,0.07
2011,梅州,0.1
2010,梅州,0.11
2009,梅州,0.13
2008,梅州,0.13
2007,梅州,0.14
2006,梅州,0.14
2005,梅州,0.17
2004,梅州,0.18
2003,梅州,0.2
2019,汕尾,0.157
2018,汕尾,0.139
2017,汕尾,0.218
2016,汕尾,0.205
2015,汕尾,0.19
2014,汕尾,0.2
2013,汕尾,0.21
2012,汕尾,0.08
2011,汕尾,0.1
2010,汕尾,0.11
2009,汕尾,0.1
2008,汕尾,0.14
2007,汕尾,0.15
2006,汕尾,0.15
2005,汕尾,0.09
2004,汕尾,0.1
2003,汕尾,0.11
2019,河源,0.276
2018,河源,0.322
2017,河源,0.328
2016,河源,0.35
2015,河源,0.365
2014,河源,0.367
2013,河源,0.4
2012,河源,0.31
2011,河源,0.29
2010,河源,0.3
2009,河源,0.3
2008,河源,0.4
2007,河源,0.42
2006,河源,0.44
2005,河源,0.48
2004,河源,0.43
2003,河源,0.41
2019,阳江,0.201
2018,阳江,0.262
2017,阳江,0.258
2016,阳江,0.285
2015,阳江,0.288
2014,阳江,0.378
2013,阳江,0.37
2012,阳江,0.25
2011,阳江,0.29
2010,阳江,0.26
2009,阳江,0.24
2008,阳江,0.29
2007,阳江,0.28
2006,阳江,0.28
2005,阳江,0.28
2004,阳江,0.33
2003,阳江,0.31
2019,清远,0.606
2018,清远,0.619
2017,清远,0.609
2016,清远,0.633
2015,清远,0.608
2014,清远,0.688
2013,清远,0.74
2012,清远,0.31
2011,清远,0.36
2010,清远,0.36
2009,清远,0.35
2008,清远,0.38
2007,清远,0.45
2006,清远,0.49
2005,清远,0.48
2004,清远,0.45
2003,清远,0.46
2019,东莞,3.007
2018,东莞,2.832
2017,东莞,2.861
2016,东莞,2.785
2015,东莞,2.92
2014,东莞,3.103
2013,东莞,4.12
2012,东莞,0.07
2011,东莞,0.07
2010,东莞,0.07
2009,东莞,0.07
2008,东莞,0.08
2007,东莞,0.09
2006,东莞,0.09
2005,东莞,0.1
2004,东莞,0.14
2003,东莞,0.08
2019,中山,1.288
2018,中山,1.288
2017,中山,1.313
2016,中山,1.309
2015,中山,1.354
2014,中山,1.362
2013,中山,1.56
2012,中山,0.62
2011,中山,0.35
2010,中山,0.33
2009,中山,0.36
2008,中山,0.4
2007,中山,0.49
2006,中山,0.47
2005,中山,0.46
2004,中山,0.2
2003,中山,0.23
2019,潮州,0.135
2018,潮州,0.135
2017,潮州,0.133
2016,潮州,0.169
2015,潮州,0.184
2014,潮州,0.173
2013,潮州,0.4
2012,潮州,0.09
2011,潮州,0.1
2010,潮州,0.15
2009,潮州,0.14
2008,潮州,0.1
2007,潮州,0.11
2006,潮州,0.11
2005,潮州,0.13
2004,潮州,0.13
2003,潮州,0.15
2019,揭阳,0.182
2018,揭阳,0.279
2017,揭阳,0.315
2016,揭阳,0.431
2015,揭阳,0.463
2014,揭阳,0.46
2013,揭阳,0.48
2012,揭阳,0.22
2011,揭阳,0.12
2010,揭阳,0.13
2009,揭阳,0.11
2008,揭阳,0.11
2007,揭阳,0.14
2006,揭阳,0.14
2005,揭阳,0.15
2004,揭阳,0.17
2003,揭阳,0.19
2019,云浮,0.211
2018,云浮,0.222
2017,云浮,0.276
2016,云浮,0.319
2015,云浮,0.291
2014,云浮,0.284
2013,云浮,0.29
2012,云浮,0.15
2011,云浮,0.13
2010,云浮,0.14
2009,云浮,0.14
2008,云浮,0.13
2007,云浮,0.1
2006,云浮,0.13
2005,云浮,0.1
2004,云浮,0.1
2003,云浮,0.07
2019,南宁,2.17
2018,南宁,2.091
2017,南宁,2.007
2016,南宁,1.881
2015,南宁,1.838
2014,南宁,1.901
2013,南宁,1.99
2012,南宁,1.22
2011,南宁,1.36
2010,南宁,1.43
2009,南宁,1.5
2008,南宁,1.52
2007,南宁,1.35
2006,南宁,1.44
2005,南宁,1.42
2004,南宁,1.05
2003,南宁,1.25
2019,柳州,0.445
2018,柳州,0.418
2017,柳州,0.396
2016,柳州,0.393
2015,柳州,0.425
2014,柳州,0.49
2013,柳州,0.51
2012,柳州,0.88
2011,柳州,0.54
2010,柳州,0.52
2009,柳州,0.49
2008,柳州,0.4
2007,柳州,0.38
2006,柳州,0.47
2005,柳州,0.53
2004,柳州,0.46
2003,柳州,0.47
2019,桂林,0.623
2018,桂林,0.684
2017,桂林,0.695
2016,桂林,0.804
2015,桂林,0.909
2014,桂林,0.988
2013,桂林,1.15
2012,桂林,0.94
2011,桂林,0.97
2010,桂林,0.82
2009,桂林,0.88
2008,桂林,0.85
2007,桂林,0.93
2006,桂林,0.98
2005,桂林,0.89
2004,桂林,0.96
2003,桂林,1.2
2019,梧州,0.088
2018,梧州,0.082
2017,梧州,0.109
2016,梧州,0.1
2015,梧州,0.1
2014,梧州,0.12
2013,梧州,0.12
2012,梧州,0.09
2011,梧州,0.11
2010,梧州,0.12
2009,梧州,0.13
2008,梧州,0.13
2007,梧州,0.12
2006,梧州,0.13
2005,梧州,0.14
2004,梧州,0.22
2003,梧州,0.22
2019,北海,0.22
2018,北海,0.22
2017,北海,0.229
2016,北海,0.273
2015,北海,0.289
2014,北海,0.25
2013,北海,0.26
2012,北海,0.24
2011,北海,0.25
2010,北海,0.26
2009,北海,0.27
2008,北海,0.33
2007,北海,0.36
2006,北海,0.33
2005,北海,0.38
2004,北海,0.38
2003,北海,0.39
2019,防城港,0.072
2018,防城港,0.074
2017,防城港,0.086
2016,防城港,0.1
2015,防城港,0.11
2014,防城港,0.098
2013,防城港,0.1
2012,防城港,0.1
2011,防城港,0.1
2010,防城港,0.09
2009,防城港,0.13
2008,防城港,0.12
2007,防城港,0.12
2006,防城港,0.12
2005,防城港,0.12
2004,防城港,0.12
2003,防城港,0.14
2019,钦州,0.103
2018,钦州,0.1
2017,钦州,0.111
2016,钦州,0.122
2015,钦州,0.138
2014,钦州,0.14
2013,钦州,0.15
2012,钦州,0.11
2011,钦州,0.13
2010,钦州,0.15
2009,钦州,0.14
2008,钦州,0.17
2007,钦州,0.15
2006,钦州,0.16
2005,钦州,0.15
2004,钦州,0.17
2003,钦州,0.15
2019,贵港,0.054
2018,贵港,0.06
2017,贵港,0.076
2016,贵港,0.106
2015,贵港,0.119
2014,贵港,0.124
2013,贵港,0.2
2012,贵港,0.01
2011,贵港,0.01
2010,贵港,0.01
2009,贵港,0.03
2008,贵港,0.02
2007,贵港,0.03
2006,贵港,0.05
2005,贵港,0.06
2004,贵港,0.08
2003,贵港,0.11
2019,玉林,0.178
2018,玉林,0.179
2017,玉林,0.161
2016,玉林,0.184
2015,玉林,0.197
2014,玉林,0.202
2013,玉林,0.18
2012,玉林,0.26
2011,玉林,0.19
2010,玉林,0.26
2009,玉林,0.2
2008,玉林,0.19
2007,玉林,0.27
2006,玉林,0.26
2005,玉林,0.26
2004,玉林,0.28
2003,玉林,0.3
2019,百色,0.126
2018,百色,0.136
2017,百色,0.148
2016,百色,0.168
2015,百色,0.169
2014,百色,0.2
2013,百色,0.21
2012,百色,0.13
2011,百色,0.14
2010,百色,0.16
2009,百色,0.16
2008,百色,0.18
2007,百色,0.21
2006,百色,0.24
2005,百色,0.26
2004,百色,0.29
2003,百色,0.27
2019,贺州,0.035
2018,贺州,0.025
2017,贺州,0.047
2016,贺州,0.069
2015,贺州,0.072
2014,贺州,0.07
2013,贺州,0.07
2012,贺州,0.07
2011,贺州,0.08
2010,贺州,0.07
2009,贺州,0.06
2008,贺州,0.07
2007,贺州,0.07
2006,贺州,0.09
2005,贺州,0.09
2004,贺州,0.09
2003,贺州,0.09
2019,河池,0.129
2018,河池,0.165
2017,河池,0.152
2016,河池,0.135
2015,河池,0.142
2014,河池,0.15
2013,河池,0.19
2012,河池,0.15
2011,河池,0.17
2010,河池,0.16
2009,河池,0.14
2008,河池,0.15
2007,河池,0.16
2006,河池,0.17
2005,河池,0.16
2004,河池,0.18
2003,河池,0.16
2019,来宾,0.022
2018,来宾,0.026
2017,来宾,0.036
2016,来宾,0.039
2015,来宾,0.288
2014,来宾,0.23
2013,来宾,0.05
2012,来宾,0.04
2011,来宾,0.03
2010,来宾,0.03
2009,来宾,0.03
2008,来宾,0.05
2007,来宾,0.06
2006,来宾,0.08
2005,来宾,0.07
2004,来宾,0.06
2003,来宾,0.07
2019,崇左,0.096
2018,崇左,0.088
2017,崇左,0.108
2016,崇左,0.132
2015,崇左,0.137
2014,崇左,0.12
2013,崇左,0.11
2012,崇左,0.09
2011,崇左,0.08
2010,崇左,0.08
2009,崇左,0.09
2008,崇左,0.09
2007,崇左,0.1
2006,崇左,0.14
2005,崇左,0.14
2004,崇左,0.14
2003,崇左,1.34
2019,海口,1.428
2018,海口,1.747
2017,海口,1.624
2016,海口,1.731
2015,海口,1.649
2014,海口,1.808
2013,海口,1.76
2012,海口,2.03
2011,海口,1.84
2010,海口,1.46
2009,海口,1.4
2008,海口,1.27
2007,海口,1.25
2006,海口,3.63
2005,海口,1.1
2004,海口,1.21
2003,海口,1.29
2019,三亚,3.186
2018,三亚,3.268
2017,三亚,3.159
2016,三亚,3.164
2015,三亚,3.222
2014,三亚,3.331
2013,三亚,3.47
2012,三亚,3.08
2011,三亚,2.44
2010,三亚,2.1
2009,三亚,1.74
2008,三亚,1.73
2007,三亚,1.63
2006,三亚,1.56
2005,三亚,1.36
2004,三亚,1.18
2003,三亚,1.08
2019,三沙,
2018,三沙,
2017,三沙,
2016,三沙,
2015,三沙,
2014,三沙,0.0
2013,三沙,
2012,三沙,
2011,三沙,
2010,三沙,
2009,三沙,
2008,三沙,
2007,三沙,
2006,三沙,
2005,三沙,
2004,三沙,
2003,三沙,
2019,儋州,0.032
2018,儋州,0.033
2017,儋州,
2016,儋州,1.841
2015,儋州,1.897
2014,儋州,
2013,儋州,
2012,儋州,
2011,儋州,
2010,儋州,
2009,儋州,
2008,儋州,
2007,儋州,
2006,儋州,
2005,儋州,
2004,儋州,
2003,儋州,
2019,重庆,4.47
2018,重庆,5.983
2017,重庆,6.066
2016,重庆,6.354
2015,重庆,64.62
2014,重庆,64.54
2013,重庆,63.53
2012,重庆,62.58
2011,重庆,6.89
2010,重庆,4.25
2009,重庆,4.25
2008,重庆,3.66
2007,重庆,3.58
2006,重庆,3.15
2005,重庆,3.06
2004,重庆,2.56
2003,重庆,2.51
2019,成都,57.586
2018,成都,46.015
2017,成都,39.682
2016,成都,36.871
2015,成都,39.507
2014,成都,6.585
2013,成都,45.88
2012,成都,5.08
2011,成都,3.34
2010,成都,3.12
2009,成都,2.93
2008,成都,2.72
2007,成都,2.58
2006,成都,2.56
2005,成都,2.67
2004,成都,2.23
2003,成都,2.03
2019,自贡,0.284
2018,自贡,0.234
2017,自贡,0.17
2016,自贡,0.136
2015,自贡,0.44
2014,自贡,0.454
2013,自贡,0.45
2012,自贡,0.17
2011,自贡,0.13
2010,自贡,0.1
2009,自贡,0.21
2008,自贡,0.2
2007,自贡,0.2
2006,自贡,0.19
2005,自贡,0.18
2004,自贡,0.18
2003,自贡,0.18
2019,攀枝花,0.498
2018,攀枝花,0.962
2017,攀枝花,0.935
2016,攀枝花,0.691
2015,攀枝花,0.944
2014,攀枝花,0.467
2013,攀枝花,0.39
2012,攀枝花,0.1
2011,攀枝花,0.09
2010,攀枝花,0.08
2009,攀枝花,0.06
2008,攀枝花,0.07
2007,攀枝花,0.08
2006,攀枝花,0.09
2005,攀枝花,0.1
2004,攀枝花,0.08
2003,攀枝花,0.08
2019,泸州,0.167
2018,泸州,0.166
2017,泸州,0.179
2016,泸州,0.182
2015,泸州,0.172
2014,泸州,0.211
2013,泸州,0.16
2012,泸州,0.1
2011,泸州,0.1
2010,泸州,0.1
2009,泸州,0.11
2008,泸州,0.11
2007,泸州,0.08
2006,泸州,0.08
2005,泸州,0.19
2004,泸州,0.2
2003,泸州,0.2
2019,德阳,0.247
2018,德阳,0.291
2017,德阳,0.281
2016,德阳,0.296
2015,德阳,0.31
2014,德阳,0.375
2013,德阳,0.33
2012,德阳,0.25
2011,德阳,0.12
2010,德阳,0.11
2009,德阳,0.13
2008,德阳,0.09
2007,德阳,0.09
2006,德阳,0.07
2005,德阳,0.06
2004,德阳,0.08
2003,德阳,0.12
2019,绵阳,0.393
2018,绵阳,0.42
2017,绵阳,0.506
2016,绵阳,0.547
2015,绵阳,0.461
2014,绵阳,0.473
2013,绵阳,0.53
2012,绵阳,0.34
2011,绵阳,0.38
2010,绵阳,0.22
2009,绵阳,0.29
2008,绵阳,0.3
2007,绵阳,0.35
2006,绵阳,0.34
2005,绵阳,0.22
2004,绵阳,0.16
2003,绵阳,0.21
2019,广元,0.069
2018,广元,0.08
2017,广元,0.13
2016,广元,0.128
2015,广元,0.135
2014,广元,0.139
2013,广元,0.09
2012,广元,0.08
2011,广元,0.07
2010,广元,0.07
2009,广元,0.09
2008,广元,0.07
2007,广元,0.06
2006,广元,0.06
2005,广元,0.05
2004,广元,0.05
2003,广元,0.2
2019,遂宁,0.445
2018,遂宁,0.093
2017,遂宁,0.134
2016,遂宁,1.511
2015,遂宁,0.232
2014,遂宁,0.247
2013,遂宁,0.23
2012,遂宁,0.07
2011,遂宁,0.08
2010,遂宁,0.05
2009,遂宁,0.07
2008,遂宁,0.07
2007,遂宁,0.09
2006,遂宁,0.08
2005,遂宁,0.09
2004,遂宁,0.08
2003,遂宁,0.06
2019,内江,0.443
2018,内江,0.36
2017,内江,0.168
2016,内江,0.171
2015,内江,0.188
2014,内江,0.203
2013,内江,0.18
2012,内江,0.15
2011,内江,0.1
2010,内江,0.07
2009,内江,0.07
2008,内江,0.18
2007,内江,0.13
2006,内江,0.09
2005,内江,0.1
2004,内江,0.11
2003,内江,0.11
2019,乐山,0.178
2018,乐山,0.252
2017,乐山,0.194
2016,乐山,0.181
2015,乐山,0.199
2014,乐山,0.25
2013,乐山,0.27
2012,乐山,0.23
2011,乐山,0.2
2010,乐山,0.2
2009,乐山,0.21
2008,乐山,0.1
2007,乐山,0.09
2006,乐山,0.09
2005,乐山,0.09
2004,乐山,0.13
2003,乐山,0.18
2019,南充,0.329
2018,南充,0.251
2017,南充,0.342
2016,南充,0.392
2015,南充,0.365
2014,南充,0.35
2013,南充,0.37
2012,南充,0.13
2011,南充,0.16
2010,南充,0.14
2009,南充,0.09
2008,南充,0.12
2007,南充,0.12
2006,南充,0.09
2005,南充,0.08
2004,南充,0.15
2003,南充,0.1
2019,眉山,0.185
2018,眉山,0.162
2017,眉山,0.153
2016,眉山,0.199
2015,眉山,0.205
2014,眉山,0.175
2013,眉山,0.19
2012,眉山,0.04
2011,眉山,0.04
2010,眉山,0.02
2009,眉山,0.02
2008,眉山,0.02
2007,眉山,0.02
2006,眉山,0.02
2005,眉山,0.02
2004,眉山,0.02
2003,眉山,0.1
2019,宜宾,0.157
2018,宜宾,0.157
2017,宜宾,0.131
2016,宜宾,0.139
2015,宜宾,0.144
2014,宜宾,0.146
2013,宜宾,0.19
2012,宜宾,0.24
2011,宜宾,0.24
2010,宜宾,0.3
2009,宜宾,0.24
2008,宜宾,0.23
2007,宜宾,0.21
2006,宜宾,0.22
2005,宜宾,0.29
2004,宜宾,0.26
2003,宜宾,0.27
2019,广安,0.189
2018,广安,0.511
2017,广安,0.525
2016,广安,0.102
2015,广安,0.077
2014,广安,0.048
2013,广安,0.05
2012,广安,0.01
2011,广安,0.01
2010,广安,0.01
2009,广安,
2008,广安,0.06
2007,广安,0.06
2006,广安,0.01
2005,广安,0.01
2004,广安,0.04
2003,广安,0.01
2019,达州,0.898
2018,达州,1.582
2017,达州,1.228
2016,达州,0.179
2015,达州,0.164
2014,达州,0.174
2013,达州,0.19
2012,达州,0.03
2011,达州,0.03
2010,达州,0.05
2009,达州,0.06
2008,达州,0.06
2007,达州,0.07
2006,达州,0.11
2005,达州,0.13
2004,达州,0.14
2003,达州,0.17
2019,雅安,0.086
2018,雅安,0.054
2017,雅安,0.09
2016,雅安,0.096
2015,雅安,0.093
2014,雅安,0.103
2013,雅安,0.1
2012,雅安,0.1
2011,雅安,0.1
2010,雅安,0.1
2009,雅安,0.1
2008,雅安,0.11
2007,雅安,0.11
2006,雅安,0.09
2005,雅安,0.13
2004,雅安,0.12
2003,雅安,0.11
2019,巴中,1.062
2018,巴中,0.949
2017,巴中,1.056
2016,巴中,0.909
2015,巴中,0.924
2014,巴中,0.811
2013,巴中,0.7
2012,巴中,0.12
2011,巴中,0.12
2010,巴中,0.15
2009,巴中,0.15
2008,巴中,0.13
2007,巴中,0.12
2006,巴中,0.12
2005,巴中,0.13
2004,巴中,0.11
2003,巴中,0.1
2019,资阳,0.1
2018,资阳,0.082
2017,资阳,0.076
2016,资阳,0.068
2015,资阳,0.134
2014,资阳,0.139
2013,资阳,0.11
2012,资阳,0.11
2011,资阳,0.11
2010,资阳,0.09
2009,资阳,0.07
2008,资阳,0.06
2007,资阳,0.08
2006,资阳,0.08
2005,资阳,0.09
2004,资阳,0.09
2003,资阳,0.05
2019,贵阳,0.973
2018,贵阳,1.112
2017,贵阳,1.361
2016,贵阳,1.342
2015,贵阳,1.438
2014,贵阳,2.208
2013,贵阳,2.35
2012,贵阳,2.38
2011,贵阳,2.03
2010,贵阳,1.74
2009,贵阳,1.81
2008,贵阳,1.48
2007,贵阳,1.51
2006,贵阳,1.56
2005,贵阳,1.47
2004,贵阳,1.45
2003,贵阳,1.44
2019,六盘水,0.167
2018,六盘水,0.142
2017,六盘水,0.115
2016,六盘水,0.103
2015,六盘水,0.107
2014,六盘水,0.119
2013,六盘水,0.16
2012,六盘水,0.15
2011,六盘水,0.07
2010,六盘水,0.06
2009,六盘水,0.09
2008,六盘水,0.07
2007,六盘水,0.08
2006,六盘水,0.09
2005,六盘水,0.1
2004,六盘水,0.08
2003,六盘水,0.09
2019,遵义,0.5
2018,遵义,
2017,遵义,0.362
2016,遵义,0.346
2015,遵义,0.328
2014,遵义,0.35
2013,遵义,0.31
2012,遵义,0.27
2011,遵义,0.18
2010,遵义,0.11
2009,遵义,0.14
2008,遵义,0.11
2007,遵义,0.23
2006,遵义,0.23
2005,遵义,0.19
2004,遵义,0.04
2003,遵义,0.11
2019,安顺,0.219
2018,安顺,0.193
2017,安顺,0.194
2016,安顺,0.174
2015,安顺,0.161
2014,安顺,0.2
2013,安顺,0.19
2012,安顺,0.12
2011,安顺,0.11
2010,安顺,0.11
2009,安顺,0.11
2008,安顺,0.14
2007,安顺,0.15
2006,安顺,0.16
2005,安顺,0.12
2004,安顺,0.09
2003,安顺,0.09
2019,毕节,0.14
2018,毕节,0.12
2017,毕节,0.174
2016,毕节,0.184
2015,毕节,0.219
2014,毕节,0.276
2013,毕节,0.27
2012,毕节,0.24
2011,毕节,0.08
2010,毕节,
2009,毕节,
2008,毕节,
2007,毕节,
2006,毕节,
2005,毕节,
2004,毕节,
2003,毕节,
2019,铜仁,0.111
2018,铜仁,0.105
2017,铜仁,0.181
2016,铜仁,0.155
2015,铜仁,0.166
2014,铜仁,0.19
2013,铜仁,0.17
2012,铜仁,0.18
2011,铜仁,0.03
2010,铜仁,
2009,铜仁,
2008,铜仁,
2007,铜仁,
2006,铜仁,
2005,铜仁,
2004,铜仁,
2003,铜仁,
2019,昆明,2.985
2018,昆明,3.742
2017,昆明,3.588
2016,昆明,3.887
2015,昆明,3.968
2014,昆明,3.68
2013,昆明,4.63
2012,昆明,3.85
2011,昆明,3.76
2010,昆明,2.85
2009,昆明,2.75
2008,昆明,2.73
2007,昆明,2.68
2006,昆明,2.33
2005,昆明,1.98
2004,昆明,1.89
2003,昆明,2.13
2019,曲靖,0.205
2018,曲靖,0.733
2017,曲靖,0.761
2016,曲靖,0.727
2015,曲靖,0.699
2014,曲靖,0.72
2013,曲靖,0.72
2012,曲靖,0.7
2011,曲靖,0.22
2010,曲靖,0.19
2009,曲靖,0.21
2008,曲靖,0.21
2007,曲靖,0.2
2006,曲靖,0.13
2005,曲靖,0.14
2004,曲靖,0.14
2003,曲靖,0.16
2019,玉溪,0.174
2018,玉溪,0.316
2017,玉溪,0.327
2016,玉溪,0.384
2015,玉溪,0.39
2014,玉溪,0.41
2013,玉溪,0.42
2012,玉溪,0.37
2011,玉溪,0.3
2010,玉溪,0.29
2009,玉溪,0.3
2008,玉溪,0.28
2007,玉溪,0.27
2006,玉溪,0.22
2005,玉溪,0.21
2004,玉溪,0.23
2003,玉溪,0.26
2019,保山,0.169
2018,保山,0.426
2017,保山,0.389
2016,保山,0.304
2015,保山,0.29
2014,保山,0.282
2013,保山,0.31
2012,保山,0.28
2011,保山,0.18
2010,保山,0.14
2009,保山,0.1
2008,保山,0.1
2007,保山,0.21
2006,保山,0.05
2005,保山,0.06
2004,保山,0.08
2003,保山,0.08
2019,昭通,0.164
2018,昭通,0.321
2017,昭通,0.292
2016,昭通,0.278
2015,昭通,0.263
2014,昭通,0.228
2013,昭通,0.25
2012,昭通,0.25
2011,昭通,0.24
2010,昭通,0.07
2009,昭通,0.08
2008,昭通,0.1
2007,昭通,0.11
2006,昭通,0.11
2005,昭通,0.13
2004,昭通,0.1
2003,昭通,0.07
2019,丽江,0.367
2018,丽江,0.544
2017,丽江,0.75
2016,丽江,0.548
2015,丽江,0.646
2014,丽江,0.675
2013,丽江,0.71
2012,丽江,0.69
2011,丽江,0.63
2010,丽江,0.61
2009,丽江,0.6
2008,丽江,0.46
2007,丽江,0.38
2006,丽江,0.21
2005,丽江,0.09
2004,丽江,0.1
2003,丽江,0.14
2019,普洱,0.051
2018,普洱,0.082
2017,普洱,0.103
2016,普洱,0.092
2015,普洱,0.088
2014,普洱,0.11
2013,普洱,0.12
2012,普洱,0.14
2011,普洱,0.14
2010,普洱,0.1
2009,普洱,0.11
2008,普洱,0.08
2007,普洱,0.11
2006,普洱,0.08
2005,普洱,0.09
2004,普洱,0.07
2003,普洱,0.13
2019,临沧,0.118
2018,临沧,0.161
2017,临沧,0.115
2016,临沧,0.124
2015,临沧,0.11
2014,临沧,0.108
2013,临沧,0.12
2012,临沧,0.08
2011,临沧,0.08
2010,临沧,0.07
2009,临沧,0.08
2008,临沧,0.15
2007,临沧,0.15
2006,临沧,0.12
2005,临沧,0.12
2004,临沧,0.12
2003,临沧,0.09
2019,拉萨,0.344
2018,拉萨,1.076
2017,拉萨,1.015
2016,拉萨,4.257
2015,拉萨,3.775
2014,拉萨,3.39
2013,拉萨,3.32
2012,拉萨,2.73
2011,拉萨,2.34
2010,拉萨,
2009,拉萨,0.29
2008,拉萨,0.25
2007,拉萨,0.23
2006,拉萨,
2005,拉萨,
2004,拉萨,
2003,拉萨,
2019,日喀则,3.389
2018,日喀则,0.044
2017,日喀则,
2016,日喀则,
2015,日喀则,
2014,日喀则,
2013,日喀则,
2012,日喀则,
2011,日喀则,
2010,日喀则,
2009,日喀则,
2008,日喀则,
2007,日喀则,
2006,日喀则,
2005,日喀则,
2004,日喀则,
2003,日喀则,
2019,昌都,0.013
2018,昌都,0.034
2017,昌都,0.033
2016,昌都,
2015,昌都,
2014,昌都,
2013,昌都,
2012,昌都,
2011,昌都,
2010,昌都,
2009,昌都,
2008,昌都,
2007,昌都,
2006,昌都,
2005,昌都,
2004,昌都,
2003,昌都,
2019,林芝,0.077
2018,林芝,
2017,林芝,0.03
2016,林芝,
2015,林芝,
2014,林芝,
2013,林芝,
2012,林芝,
2011,林芝,
2010,林芝,
2009,林芝,
2008,林芝,
2007,林芝,
2006,林芝,
2005,林芝,
2004,林芝,
2003,林芝,
2019,山南,0.059
2018,山南,0.041
2017,山南,0.04
2016,山南,
2015,山南,
2014,山南,
2013,山南,
2012,山南,
2011,山南,
2010,山南,
2009,山南,
2008,山南,
2007,山南,
2006,山南,
2005,山南,
2004,山南,
2003,山南,
2019,那曲,0.01
2018,那曲,0.034
2017,那曲,0.031
2016,那曲,
2015,那曲,
2014,那曲,
2013,那曲,
2012,那曲,
2011,那曲,
2010,那曲,
2009,那曲,
2008,那曲,
2007,那曲,
2006,那曲,
2005,那曲,
2004,那曲,
2003,那曲,
2019,西安,5.119
2018,西安,5.323
2017,西安,5.695
2016,西安,5.62
2015,西安,5.945
2014,西安,6.69
2013,西安,6.68
2012,西安,5.24
2011,西安,5.02
2010,西安,4.16
2009,西安,3.55
2008,西安,2.75
2007,西安,2.8
2006,西安,3.0
2005,西安,2.98
2004,西安,2.53
2003,西安,2.76
2019,铜川,0.166
2018,铜川,0.14
2017,铜川,0.146
2016,铜川,0.139
2015,铜川,0.13
2014,铜川,0.15
2013,铜川,0.18
2012,铜川,0.06
2011,铜川,0.06
2010,铜川,0.05
2009,铜川,0.06
2008,铜川,0.05
2007,铜川,0.05
2006,铜川,0.1
2005,铜川,0.05
2004,铜川,0.05
2003,铜川,0.07
2019,宝鸡,0.772
2018,宝鸡,0.827
2017,宝鸡,0.892
2016,宝鸡,0.916
2015,宝鸡,0.904
2014,宝鸡,0.79
2013,宝鸡,0.37
2012,宝鸡,0.32
2011,宝鸡,0.33
2010,宝鸡,0.32
2009,宝鸡,0.34
2008,宝鸡,0.35
2007,宝鸡,0.4
2006,宝鸡,0.37
2005,宝鸡,0.38
2004,宝鸡,0.39
2003,宝鸡,0.39
2019,咸阳,0.432
2018,咸阳,0.476
2017,咸阳,0.437
2016,咸阳,0.74
2015,咸阳,0.789
2014,咸阳,0.688
2013,咸阳,0.85
2012,咸阳,0.29
2011,咸阳,0.32
2010,咸阳,0.33
2009,咸阳,0.35
2008,咸阳,0.37
2007,咸阳,0.38
2006,咸阳,0.3
2005,咸阳,0.19
2004,咸阳,0.23
2003,咸阳,0.22
2019,渭南,0.811
2018,渭南,0.794
2017,渭南,0.785
2016,渭南,0.773
2015,渭南,0.774
2014,渭南,0.72
2013,渭南,0.75
2012,渭南,0.3
2011,渭南,0.35
2010,渭南,0.31
2009,渭南,0.34
2008,渭南,0.28
2007,渭南,0.24
2006,渭南,0.23
2005,渭南,0.21
2004,渭南,0.21
2003,渭南,0.21
2019,延安,0.527
2018,延安,0.569
2017,延安,0.632
2016,延安,0.675
2015,延安,0.705
2014,延安,0.72
2013,延安,0.65
2012,延安,0.28
2011,延安,0.35
2010,延安,0.34
2009,延安,0.3
2008,延安,0.22
2007,延安,0.23
2006,延安,0.24
2005,延安,0.24
2004,延安,0.21
2003,延安,0.31
2019,汉中,0.285
2018,汉中,0.241
2017,汉中,0.251
2016,汉中,0.332
2015,汉中,0.366
2014,汉中,0.42
2013,汉中,0.49
2012,汉中,0.4
2011,汉中,0.43
2010,汉中,0.36
2009,汉中,0.34
2008,汉中,0.35
2007,汉中,0.34
2006,汉中,0.38
2005,汉中,0.25
2004,汉中,0.29
2003,汉中,0.25
2019,榆林,0.595
2018,榆林,0.558
2017,榆林,0.631
2016,榆林,0.633
2015,榆林,0.684
2014,榆林,1.94
2013,榆林,0.47
2012,榆林,0.06
2011,榆林,0.09
2010,榆林,0.09
2009,榆林,0.11
2008,榆林,0.11
2007,榆林,0.15
2006,榆林,0.16
2005,榆林,0.15
2004,榆林,0.18
2003,榆林,0.18
2019,安康,0.429
2018,安康,0.408
2017,安康,0.408
2016,安康,0.452
2015,安康,0.462
2014,安康,0.461
2013,安康,0.48
2012,安康,0.3
2011,安康,0.29
2010,安康,0.12
2009,安康,0.11
2008,安康,0.11
2007,安康,0.1
2006,安康,0.12
2005,安康,0.12
2004,安康,0.09
2003,安康,0.12
2019,商洛,0.258
2018,商洛,0.282
2017,商洛,0.219
2016,商洛,0.211
2015,商洛,0.223
2014,商洛,0.44
2013,商洛,0.2
2012,商洛,0.18
2011,商洛,0.17
2010,商洛,0.14
2009,商洛,0.14
2008,商洛,0.15
2007,商洛,0.13
2006,商洛,0.15
2005,商洛,0.13
2004,商洛,0.11
2003,商洛,0.19
2019,兰州,1.127
2018,兰州,1.094
2017,兰州,1.196
2016,兰州,1.21
2015,兰州,1.337
2014,兰州,1.45
2013,兰州,1.59
2012,兰州,0.61
2011,兰州,0.58
2010,兰州,0.7
2009,兰州,0.89
2008,兰州,0.89
2007,兰州,1.04
2006,兰州,1.04
2005,兰州,1.11
2004,兰州,1.03
2003,兰州,0.74
2019,嘉峪关,0.072
2018,嘉峪关,0.091
2017,嘉峪关,0.162
2016,嘉峪关,0.21
2015,嘉峪关,0.169
2014,嘉峪关,0.69
2013,嘉峪关,0.11
2012,嘉峪关,0.04
2011,嘉峪关,0.04
2010,嘉峪关,0.04
2009,嘉峪关,0.03
2008,嘉峪关,0.03
2007,嘉峪关,0.03
2006,嘉峪关,0.03
2005,嘉峪关,0.03
2004,嘉峪关,0.03
2003,嘉峪关,0.03
2019,金昌,0.054
2018,金昌,0.039
2017,金昌,0.075
2016,金昌,0.06
2015,金昌,0.062
2014,金昌,0.054
2013,金昌,0.08
2012,金昌,0.02
2011,金昌,0.03
2010,金昌,0.01
2009,金昌,0.01
2008,金昌,0.01
2007,金昌,0.02
2006,金昌,0.01
2005,金昌,0.02
2004,金昌,0.02
2003,金昌,0.01
2019,白银,0.038
2018,白银,0.031
2017,白银,0.028
2016,白银,0.017
2015,白银,0.017
2014,白银,0.004
2013,白银,0.01
2012,白银,0.01
2011,白银,0.01
2010,白银,0.03
2009,白银,0.03
2008,白银,0.03
2007,白银,0.04
2006,白银,0.04
2005,白银,0.04
2004,白银,0.04
2003,白银,0.08
2019,天水,0.308
2018,天水,0.283
2017,天水,0.339
2016,天水,0.364
2015,天水,0.351
2014,天水,0.349
2013,天水,0.32
2012,天水,0.32
2011,天水,0.25
2010,天水,0.23
2009,天水,0.17
2008,天水,0.2
2007,天水,0.18
2006,天水,0.19
2005,天水,0.2
2004,天水,0.21
2003,天水,0.13
2019,武威,0.081
2018,武威,0.071
2017,武威,0.107
2016,武威,0.104
2015,武威,0.089
2014,武威,0.09
2013,武威,0.04
2012,武威,0.04
2011,武威,0.04
2010,武威,0.04
2009,武威,0.04
2008,武威,0.04
2007,武威,0.03
2006,武威,0.08
2005,武威,0.11
2004,武威,0.1
2003,武威,0.41
2019,张掖,0.114
2018,张掖,0.116
2017,张掖,0.1
2016,张掖,0.114
2015,张掖,0.107
2014,张掖,0.091
2013,张掖,0.09
2012,张掖,0.06
2011,张掖,0.06
2010,张掖,0.06
2009,张掖,0.06
2008,张掖,0.06
2007,张掖,0.06
2006,张掖,0.06
2005,张掖,0.07
2004,张掖,0.08
2003,张掖,0.08
2019,平凉,0.147
2018,平凉,0.204
2017,平凉,0.216
2016,平凉,0.208
2015,平凉,0.204
2014,平凉,0.19
2013,平凉,0.1
2012,平凉,0.11
2011,平凉,0.1
2010,平凉,0.09
2009,平凉,0.1
2008,平凉,0.09
2007,平凉,0.19
2006,平凉,0.1
2005,平凉,0.1
2004,平凉,0.11
2003,平凉,0.1
2019,酒泉,0.314
2018,酒泉,0.257
2017,酒泉,0.332
2016,酒泉,0.33
2015,酒泉,0.322
2014,酒泉,0.304
2013,酒泉,0.28
2012,酒泉,0.23
2011,酒泉,0.23
2010,酒泉,0.23
2009,酒泉,0.22
2008,酒泉,0.21
2007,酒泉,0.22
2006,酒泉,0.2
2005,酒泉,0.18
2004,酒泉,0.2
2003,酒泉,0.18
2019,庆阳,0.22
2018,庆阳,0.174
2017,庆阳,0.19
2016,庆阳,0.207
2015,庆阳,0.192
2014,庆阳,0.192
2013,庆阳,0.22
2012,庆阳,0.15
2011,庆阳,0.12
2010,庆阳,0.05
2009,庆阳,0.04
2008,庆阳,0.06
2007,庆阳,0.06
2006,庆阳,0.07
2005,庆阳,0.06
2004,庆阳,0.06
2003,庆阳,0.06
2019,定西,0.116
2018,定西,0.101
2017,定西,0.132
2016,定西,0.166
2015,定西,0.18
2014,定西,0.154
2013,定西,0.17
2012,定西,0.05
2011,定西,0.05
2010,定西,0.1
2009,定西,0.09
2008,定西,0.08
2007,定西,0.08
2006,定西,0.04
2005,定西,0.05
2004,定西,0.07
2003,定西,0.06
2019,陇南,0.096
2018,陇南,0.88
2017,陇南,0.85
2016,陇南,1.6
2015,陇南,0.74
2014,陇南,0.92
2013,陇南,0.99
2012,陇南,0.03
2011,陇南,0.04
2010,陇南,0.04
2009,陇南,0.04
2008,陇南,0.03
2007,陇南,0.06
2006,陇南,0.11
2005,陇南,0.07
2004,陇南,0.08
2003,陇南,
2019,西宁,0.322
2018,西宁,0.275
2017,西宁,0.379
2016,西宁,0.377
2015,西宁,0.38
2014,西宁,1.75
2013,西宁,0.42
2012,西宁,0.48
2011,西宁,0.57
2010,西宁,0.38
2009,西宁,0.35
2008,西宁,0.24
2007,西宁,0.21
2006,西宁,0.22
2005,西宁,0.23
2004,西宁,0.2
2003,西宁,0.19
2019,海东,0.066
2018,海东,0.027
2017,海东,0.04
2016,海东,0.065
2015,海东,0.051
2014,海东,0.05
2013,海东,
2012,海东,
2011,海东,
2010,海东,
2009,海东,
2008,海东,
2007,海东,
2006,海东,
2005,海东,
2004,海东,
2003,海东,
2019,海南,
2018,海南,
2017,海南,
2016,海南,
2015,海南,6.768
2014,海南,5.139
2013,海南,5.23
2012,海南,5.11
2011,海南,4.28
2010,海南,3.56
2009,海南,3.14
2008,海南,3.0
2007,海南,2.88
2006,海南,5.19
2005,海南,2.46
2004,海南,2.39
2003,海南,2.37
2019,银川,0.332
2018,银川,0.322
2017,银川,0.328
2016,银川,0.335
2015,银川,5.588
2014,银川,22.862
2013,银川,0.34
2012,银川,0.37
2011,银川,0.27
2010,银川,0.24
2009,银川,0.28
2008,银川,0.3
2007,银川,0.34
2006,银川,0.37
2005,银川,0.41
2004,银川,0.4
2003,银川,0.49
2019,石嘴山,0.033
2018,石嘴山,0.036
2017,石嘴山,0.047
2016,石嘴山,0.06
2015,石嘴山,0.212
2014,石嘴山,0.191
2013,石嘴山,0.53
2012,石嘴山,0.11
2011,石嘴山,0.02
2010,石嘴山,0.03
2009,石嘴山,0.03
2008,石嘴山,0.02
2007,石嘴山,0.03
2006,石嘴山,0.03
2005,石嘴山,0.08
2004,石嘴山,0.04
2003,石嘴山,0.04
2019,吴忠,0.054
2018,吴忠,0.064
2017,吴忠,0.105
2016,吴忠,0.152
2015,吴忠,0.105
2014,吴忠,0.176
2013,吴忠,0.11
2012,吴忠,0.05
2011,吴忠,0.05
2010,吴忠,0.07
2009,吴忠,0.07
2008,吴忠,0.43
2007,吴忠,0.12
2006,吴忠,0.13
2005,吴忠,0.12
2004,吴忠,0.22
2003,吴忠,0.16
2019,固原,0.042
2018,固原,0.068
2017,固原,0.058
2016,固原,0.079
2015,固原,0.068
2014,固原,0.072
2013,固原,0.04
2012,固原,0.02
2011,固原,0.02
2010,固原,0.01
2009,固原,0.03
2008,固原,0.01
2007,固原,0.01
2006,固原,0.01
2005,固原,0.02
2004,固原,0.11
2003,固原,0.12
2019,中卫,0.003
2018,中卫,
2017,中卫,0.019
2016,中卫,0.023
2015,中卫,0.039
2014,中卫,0.033
2013,中卫,0.03
2012,中卫,0.04
2011,中卫,0.03
2010,中卫,0.05
2009,中卫,0.05
2008,中卫,0.07
2007,中卫,0.07
2006,中卫,0.07
2005,中卫,0.07
2004,中卫,1.36
2003,中卫,
2019,乌鲁木齐,1.071
2018,乌鲁木齐,0.954
2017,乌鲁木齐,0.952
2016,乌鲁木齐,1.077
2015,乌鲁木齐,1.158
2014,乌鲁木齐,1.17
2013,乌鲁木齐,1.31
2012,乌鲁木齐,1.53
2011,乌鲁木齐,1.62
2010,乌鲁木齐,1.03
2009,乌鲁木齐,1.09
2008,乌鲁木齐,1.3
2007,乌鲁木齐,1.35
2006,乌鲁木齐,1.5
2005,乌鲁木齐,1.4
2004,乌鲁木齐,1.46
2003,乌鲁木齐,1.54
2019,克拉玛依,0.04
2018,克拉玛依,0.031
2017,克拉玛依,0.049
2016,克拉玛依,0.056
2015,克拉玛依,0.074
2014,克拉玛依,0.067
2013,克拉玛依,0.13
2012,克拉玛依,0.09
2011,克拉玛依,0.09
2010,克拉玛依,0.11
2009,克拉玛依,0.1
2008,克拉玛依,0.12
2007,克拉玛依,0.07
2006,克拉玛依,0.07
2005,克拉玛依,0.05
2004,克拉玛依,0.06
2003,克拉玛依,0.06
2019,吐鲁番,1.275
2018,吐鲁番,0.114
2017,吐鲁番,0.112
2016,吐鲁番,
2015,吐鲁番,
2014,吐鲁番,
2013,吐鲁番,
2012,吐鲁番,
2011,吐鲁番,
2010,吐鲁番,
2009,吐鲁番,
2008,吐鲁番,
2007,吐鲁番,
2006,吐鲁番,
2005,吐鲁番,
2004,吐鲁番,
2003,吐鲁番,
2019,哈密,0.421
2018,哈密,0.096
2017,哈密,0.105
2016,哈密,
2015,哈密,
2014,哈密,
2013,哈密,
2012,哈密,
2011,哈密,
2010,哈密,
2009,哈密,
2008,哈密,
2007,哈密,
2006,哈密,
2005,哈密,
2004,哈密,
2003,哈密,
